[
  {
    "_id": "5a5ae9e5cdd0bd602bc932ce",
    "name": "Angie",
    "accountNum": 5,
    "index": 0,
    "accounts": [
      {
        "isActive": false,
        "about": "Laborum laborum est magna anim ipsum aliqua. Dolore ipsum et laboris quis ex ullamco do pariatur consectetur sunt sunt nostrud. Magna anim mollit exercitation irure ut anim ea non anim est ipsum. Irure reprehenderit nostrud aute qui adipisicing Lorem ea. Esse nostrud ex minim magna reprehenderit minim officia proident ad anim ullamco excepteur tempor aliqua. Mollit id nulla do fugiat qui nostrud cillum ullamco sunt.\r\n",
        "balance": "$2,964.19",
        "transactions": [
          {
            "date": "2016-07-02T12:22:13 +05:00",
            "amount": "$1,685.82",
            "type": "credit",
            "category": [
              "incididunt",
              "laboris",
              "velit",
              "consectetur",
              "et",
              "sit",
              "labore"
            ]
          },
          {
            "date": "2017-08-22T09:50:23 +05:00",
            "amount": "$3,662.56",
            "type": "credit",
            "category": [
              "amet",
              "nulla",
              "et",
              "quis",
              "exercitation",
              "occaecat",
              "proident"
            ]
          },
          {
            "date": "2016-05-26T05:10:44 +05:00",
            "amount": "$3,461.81",
            "type": "debit",
            "category": [
              "voluptate",
              "quis",
              "Lorem",
              "aliqua",
              "laborum",
              "nisi",
              "cillum"
            ]
          },
          {
            "date": "2016-04-20T05:12:08 +05:00",
            "amount": "$2,205.91",
            "type": "credit",
            "category": [
              "ad",
              "qui",
              "aliqua",
              "magna",
              "deserunt",
              "incididunt",
              "magna"
            ]
          }
        ]
      }
    ]
  },
  {
    "_id": "5a5ae9e573e14860419c2367",
    "name": "Carroll",
    "accountNum": 3,
    "index": 1,
    "accounts": [
      {
        "isActive": false,
        "about": "Voluptate officia dolore voluptate occaecat eu officia in voluptate id in aliquip tempor ipsum. Aute esse nulla aliqua culpa. Laborum ut qui consectetur ullamco et in. Deserunt nulla adipisicing exercitation enim deserunt ea exercitation non ea do quis. Amet eiusmod ad exercitation reprehenderit occaecat ad labore id laboris do quis minim ad.\r\n",
        "balance": "$3,205.52",
        "transactions": [
          {
            "date": "2014-11-08T08:01:14 +06:00",
            "amount": "$2,259.32",
            "type": "credit",
            "category": [
              "deserunt",
              "ad",
              "occaecat",
              "esse",
              "aliquip",
              "consectetur",
              "pariatur"
            ]
          },
          {
            "date": "2015-03-18T10:34:49 +05:00",
            "amount": "$1,118.90",
            "type": "debit",
            "category": [
              "incididunt",
              "est",
              "laboris",
              "exercitation",
              "nisi",
              "veniam",
              "exercitation"
            ]
          },
          {
            "date": "2014-07-22T03:37:48 +05:00",
            "amount": "$1,686.48",
            "type": "credit",
            "category": [
              "nulla",
              "ex",
              "sit",
              "veniam",
              "irure",
              "ea",
              "commodo"
            ]
          },
          {
            "date": "2014-02-23T03:31:18 +06:00",
            "amount": "$2,871.70",
            "type": "debit",
            "category": [
              "tempor",
              "culpa",
              "laboris",
              "magna",
              "est",
              "ea",
              "enim"
            ]
          }
        ]
      },
      {
        "isActive": true,
        "about": "Voluptate minim ea eiusmod do exercitation sit do reprehenderit ad amet officia et. Incididunt pariatur deserunt qui velit mollit et aliqua. Est sunt do elit reprehenderit. Tempor magna qui ad culpa aliquip sint consectetur. Exercitation quis amet nostrud consectetur sint laboris do enim enim consectetur do cupidatat voluptate.\r\n",
        "balance": "$2,286.49",
        "transactions": [
          {
            "date": "2016-01-21T11:44:02 +06:00",
            "amount": "$2,151.92",
            "type": "debit",
            "category": [
              "officia",
              "cupidatat",
              "qui",
              "occaecat",
              "nisi",
              "elit",
              "laborum"
            ]
          },
          {
            "date": "2017-12-04T01:56:23 +06:00",
            "amount": "$3,395.73",
            "type": "credit",
            "category": [
              "ex",
              "laborum",
              "cillum",
              "dolore",
              "ea",
              "dolor",
              "ut"
            ]
          },
          {
            "date": "2016-03-16T03:21:45 +05:00",
            "amount": "$1,704.12",
            "type": "debit",
            "category": [
              "exercitation",
              "aute",
              "tempor",
              "ad",
              "sint",
              "nostrud",
              "eiusmod"
            ]
          },
          {
            "date": "2015-04-21T09:00:40 +05:00",
            "amount": "$3,930.70",
            "type": "debit",
            "category": [
              "proident",
              "eiusmod",
              "laboris",
              "duis",
              "duis",
              "amet",
              "do"
            ]
          }
        ]
      },
      {
        "isActive": false,
        "about": "In pariatur amet tempor nostrud sit. Ad id officia consectetur eiusmod occaecat excepteur irure qui labore nisi. Irure sunt proident elit Lorem ad ullamco esse cillum aliquip veniam ipsum velit fugiat. Irure velit sunt anim et excepteur qui est fugiat pariatur consectetur sunt proident consectetur. Labore dolore elit ipsum eu fugiat eiusmod adipisicing tempor ipsum dolore.\r\n",
        "balance": "$3,867.19",
        "transactions": [
          {
            "date": "2017-09-11T03:10:57 +05:00",
            "amount": "$3,844.29",
            "type": "debit",
            "category": [
              "non",
              "voluptate",
              "irure",
              "ullamco",
              "eiusmod",
              "officia",
              "qui"
            ]
          },
          {
            "date": "2014-11-19T09:26:40 +06:00",
            "amount": "$1,947.79",
            "type": "debit",
            "category": [
              "et",
              "voluptate",
              "ea",
              "commodo",
              "ipsum",
              "ex",
              "fugiat"
            ]
          },
          {
            "date": "2017-03-29T05:20:57 +05:00",
            "amount": "$3,359.37",
            "type": "debit",
            "category": [
              "ea",
              "reprehenderit",
              "et",
              "velit",
              "mollit",
              "officia",
              "duis"
            ]
          },
          {
            "date": "2014-11-30T05:06:48 +06:00",
            "amount": "$1,648.16",
            "type": "credit",
            "category": [
              "in",
              "minim",
              "ea",
              "sit",
              "anim",
              "amet",
              "id"
            ]
          }
        ]
      },
      {
        "isActive": true,
        "about": "Proident cillum commodo fugiat reprehenderit duis ex elit sunt enim consectetur sint cupidatat pariatur sunt. Voluptate do labore in nisi nulla eu. Laborum non ea voluptate magna fugiat occaecat irure excepteur velit nulla elit fugiat. Do veniam non consectetur quis qui voluptate magna consequat cillum pariatur qui id quis. Esse nisi pariatur consectetur irure cupidatat sit laboris exercitation consequat commodo ullamco.\r\n",
        "balance": "$3,433.32",
        "transactions": [
          {
            "date": "2015-03-09T06:21:20 +05:00",
            "amount": "$3,259.39",
            "type": "credit",
            "category": [
              "eu",
              "voluptate",
              "labore",
              "deserunt",
              "commodo",
              "sit",
              "incididunt"
            ]
          },
          {
            "date": "2015-11-25T12:02:10 +06:00",
            "amount": "$2,805.13",
            "type": "debit",
            "category": [
              "occaecat",
              "duis",
              "aliquip",
              "labore",
              "magna",
              "ea",
              "et"
            ]
          },
          {
            "date": "2014-06-15T06:03:32 +05:00",
            "amount": "$1,044.06",
            "type": "debit",
            "category": [
              "incididunt",
              "magna",
              "duis",
              "incididunt",
              "incididunt",
              "ea",
              "cillum"
            ]
          },
          {
            "date": "2017-08-19T08:57:08 +05:00",
            "amount": "$3,194.01",
            "type": "credit",
            "category": [
              "eu",
              "veniam",
              "excepteur",
              "enim",
              "labore",
              "ut",
              "ad"
            ]
          }
        ]
      }
    ]
  },
  {
    "_id": "5a5ae9e5c92c5a5edfe85ea3",
    "name": "Pacheco",
    "accountNum": 3,
    "index": 2,
    "accounts": [
      {
        "isActive": true,
        "about": "Anim irure officia sint amet. Consequat ut reprehenderit enim minim. Sint culpa in quis enim sint mollit amet sit.\r\n",
        "balance": "$2,060.19",
        "transactions": [
          {
            "date": "2015-06-10T02:06:29 +05:00",
            "amount": "$2,302.81",
            "type": "credit",
            "category": [
              "cillum",
              "ipsum",
              "ea",
              "dolor",
              "adipisicing",
              "eu",
              "occaecat"
            ]
          },
          {
            "date": "2015-12-29T07:50:18 +06:00",
            "amount": "$1,036.56",
            "type": "credit",
            "category": [
              "ipsum",
              "ea",
              "commodo",
              "aute",
              "et",
              "aliquip",
              "sit"
            ]
          },
          {
            "date": "2016-10-23T08:00:57 +05:00",
            "amount": "$3,668.40",
            "type": "credit",
            "category": [
              "nulla",
              "minim",
              "eiusmod",
              "culpa",
              "adipisicing",
              "magna",
              "esse"
            ]
          },
          {
            "date": "2016-10-02T09:12:12 +05:00",
            "amount": "$1,305.36",
            "type": "debit",
            "category": [
              "reprehenderit",
              "aute",
              "ipsum",
              "excepteur",
              "laboris",
              "fugiat",
              "et"
            ]
          }
        ]
      }
    ]
  },
  {
    "_id": "5a5ae9e5417911fdb98d83e6",
    "name": "Patti",
    "accountNum": 4,
    "index": 3,
    "accounts": [
      {
        "isActive": false,
        "about": "Velit eu culpa occaecat esse. Ex qui exercitation ut et. Reprehenderit velit consectetur laborum eu esse dolor aliquip anim sit reprehenderit adipisicing cillum. Et excepteur laborum minim veniam id commodo nisi duis. Laboris reprehenderit ullamco amet aliqua est minim cillum esse do nostrud culpa cupidatat pariatur commodo. Adipisicing esse anim minim cupidatat laborum in.\r\n",
        "balance": "$2,917.85",
        "transactions": [
          {
            "date": "2015-02-06T05:05:43 +06:00",
            "amount": "$1,570.54",
            "type": "debit",
            "category": [
              "non",
              "labore",
              "pariatur",
              "elit",
              "occaecat",
              "non",
              "officia"
            ]
          },
          {
            "date": "2016-02-18T09:27:23 +06:00",
            "amount": "$3,895.43",
            "type": "credit",
            "category": [
              "aliquip",
              "nisi",
              "qui",
              "culpa",
              "dolore",
              "labore",
              "et"
            ]
          },
          {
            "date": "2015-06-07T07:30:41 +05:00",
            "amount": "$3,519.18",
            "type": "credit",
            "category": [
              "amet",
              "elit",
              "est",
              "nisi",
              "reprehenderit",
              "adipisicing",
              "dolore"
            ]
          },
          {
            "date": "2014-03-26T03:50:51 +05:00",
            "amount": "$2,080.91",
            "type": "debit",
            "category": [
              "sint",
              "ea",
              "nostrud",
              "sunt",
              "laboris",
              "aliqua",
              "amet"
            ]
          }
        ]
      },
      {
        "isActive": true,
        "about": "Veniam adipisicing Lorem occaecat nulla sit irure et dolore magna velit laborum sunt qui. Adipisicing quis et irure tempor do. Duis commodo consectetur deserunt fugiat eu magna ut sit cupidatat non labore. Enim consequat aliqua proident mollit aliqua duis irure dolor do.\r\n",
        "balance": "$3,300.48",
        "transactions": [
          {
            "date": "2014-12-30T12:40:11 +06:00",
            "amount": "$2,580.90",
            "type": "credit",
            "category": [
              "qui",
              "duis",
              "incididunt",
              "proident",
              "duis",
              "officia",
              "magna"
            ]
          },
          {
            "date": "2015-07-28T10:49:24 +05:00",
            "amount": "$2,751.50",
            "type": "credit",
            "category": [
              "consectetur",
              "qui",
              "eu",
              "reprehenderit",
              "velit",
              "sint",
              "anim"
            ]
          },
          {
            "date": "2016-05-17T01:02:42 +05:00",
            "amount": "$2,199.32",
            "type": "debit",
            "category": [
              "duis",
              "ullamco",
              "commodo",
              "quis",
              "veniam",
              "irure",
              "esse"
            ]
          },
          {
            "date": "2014-08-12T10:17:53 +05:00",
            "amount": "$2,129.31",
            "type": "credit",
            "category": [
              "nostrud",
              "laborum",
              "aliqua",
              "mollit",
              "eu",
              "eu",
              "laborum"
            ]
          }
        ]
      },
      {
        "isActive": false,
        "about": "Elit adipisicing sunt laborum incididunt magna enim proident quis sint cillum minim excepteur veniam. Sit officia commodo sint eiusmod duis enim exercitation. Elit esse ad et laborum est qui esse esse quis velit. Proident magna consectetur quis sit esse non velit mollit pariatur nisi.\r\n",
        "balance": "$3,549.46",
        "transactions": [
          {
            "date": "2015-01-06T08:57:36 +06:00",
            "amount": "$2,560.24",
            "type": "credit",
            "category": [
              "cillum",
              "deserunt",
              "aliquip",
              "qui",
              "enim",
              "non",
              "sit"
            ]
          },
          {
            "date": "2014-11-09T10:53:07 +06:00",
            "amount": "$1,021.15",
            "type": "debit",
            "category": [
              "tempor",
              "Lorem",
              "dolor",
              "voluptate",
              "ut",
              "amet",
              "in"
            ]
          },
          {
            "date": "2016-07-13T08:36:13 +05:00",
            "amount": "$3,380.69",
            "type": "debit",
            "category": [
              "labore",
              "consequat",
              "laboris",
              "fugiat",
              "deserunt",
              "laborum",
              "cupidatat"
            ]
          },
          {
            "date": "2017-11-13T01:17:15 +06:00",
            "amount": "$1,520.69",
            "type": "debit",
            "category": [
              "labore",
              "pariatur",
              "irure",
              "id",
              "magna",
              "culpa",
              "amet"
            ]
          }
        ]
      },
      {
        "isActive": false,
        "about": "Officia sint aute excepteur consequat ullamco. Veniam incididunt do duis anim tempor deserunt enim Lorem cillum veniam deserunt aliqua adipisicing fugiat. Quis ad nisi duis irure ut officia proident id laboris magna non. Velit id exercitation labore elit.\r\n",
        "balance": "$2,883.13",
        "transactions": [
          {
            "date": "2017-10-21T07:41:34 +05:00",
            "amount": "$1,975.21",
            "type": "credit",
            "category": [
              "pariatur",
              "ullamco",
              "velit",
              "in",
              "quis",
              "elit",
              "cupidatat"
            ]
          },
          {
            "date": "2015-04-07T12:35:52 +05:00",
            "amount": "$1,551.73",
            "type": "debit",
            "category": [
              "veniam",
              "qui",
              "id",
              "tempor",
              "aliquip",
              "dolor",
              "eiusmod"
            ]
          },
          {
            "date": "2016-09-11T12:31:56 +05:00",
            "amount": "$2,194.53",
            "type": "debit",
            "category": [
              "minim",
              "proident",
              "anim",
              "cillum",
              "ea",
              "anim",
              "in"
            ]
          },
          {
            "date": "2017-02-03T11:30:51 +06:00",
            "amount": "$3,548.20",
            "type": "credit",
            "category": [
              "in",
              "elit",
              "ex",
              "exercitation",
              "pariatur",
              "est",
              "qui"
            ]
          }
        ]
      },
      {
        "isActive": true,
        "about": "Anim labore amet duis velit. In nulla incididunt sint aliqua consequat nostrud veniam qui. Ipsum in ipsum qui esse irure. Et anim proident ut do id nulla exercitation elit mollit adipisicing elit. Consectetur ullamco incididunt Lorem aute sunt magna sint ullamco. Enim ad anim nisi cupidatat ea et elit ex id. Mollit ut sit nulla laboris.\r\n",
        "balance": "$2,643.84",
        "transactions": [
          {
            "date": "2014-12-11T09:10:27 +06:00",
            "amount": "$3,152.72",
            "type": "debit",
            "category": [
              "ea",
              "sunt",
              "in",
              "ex",
              "id",
              "eiusmod",
              "est"
            ]
          },
          {
            "date": "2017-12-04T12:48:29 +06:00",
            "amount": "$1,990.50",
            "type": "credit",
            "category": [
              "sit",
              "nostrud",
              "in",
              "culpa",
              "ipsum",
              "voluptate",
              "nostrud"
            ]
          },
          {
            "date": "2014-10-14T09:24:38 +05:00",
            "amount": "$2,562.29",
            "type": "credit",
            "category": [
              "mollit",
              "elit",
              "qui",
              "ad",
              "veniam",
              "laboris",
              "anim"
            ]
          },
          {
            "date": "2014-11-09T09:23:25 +06:00",
            "amount": "$1,783.11",
            "type": "credit",
            "category": [
              "ad",
              "cillum",
              "culpa",
              "eu",
              "commodo",
              "quis",
              "quis"
            ]
          }
        ]
      },
      {
        "isActive": true,
        "about": "Esse cupidatat consectetur tempor voluptate ex cupidatat voluptate commodo dolore anim ullamco sit. Velit reprehenderit laborum et culpa id Lorem anim. Nisi consequat eiusmod occaecat pariatur id consequat esse aliqua elit dolor in ullamco. Magna reprehenderit ea laborum excepteur voluptate anim nostrud aute id nulla. Aliqua consequat ullamco sunt in incididunt occaecat anim nulla occaecat ut fugiat dolor ad amet. Esse culpa magna mollit sit ut sit officia occaecat cillum officia velit occaecat velit tempor. Reprehenderit nisi laborum Lorem mollit amet qui amet sint minim proident voluptate excepteur.\r\n",
        "balance": "$1,056.50",
        "transactions": [
          {
            "date": "2017-10-25T03:57:07 +05:00",
            "amount": "$1,958.65",
            "type": "debit",
            "category": [
              "magna",
              "ea",
              "Lorem",
              "veniam",
              "veniam",
              "voluptate",
              "fugiat"
            ]
          },
          {
            "date": "2015-03-06T08:11:06 +06:00",
            "amount": "$1,259.06",
            "type": "debit",
            "category": [
              "ipsum",
              "incididunt",
              "culpa",
              "ut",
              "mollit",
              "mollit",
              "elit"
            ]
          },
          {
            "date": "2015-09-28T02:39:47 +05:00",
            "amount": "$1,149.78",
            "type": "debit",
            "category": [
              "incididunt",
              "magna",
              "cillum",
              "mollit",
              "reprehenderit",
              "proident",
              "magna"
            ]
          },
          {
            "date": "2014-09-30T08:58:51 +05:00",
            "amount": "$1,983.52",
            "type": "credit",
            "category": [
              "occaecat",
              "aliquip",
              "et",
              "Lorem",
              "velit",
              "nostrud",
              "culpa"
            ]
          }
        ]
      }
    ]
  },
  {
    "_id": "5a5ae9e5605c08d61c5ce2d8",
    "name": "Torres",
    "accountNum": 7,
    "index": 4,
    "accounts": [
      {
        "isActive": false,
        "about": "Quis minim commodo tempor anim Lorem occaecat culpa occaecat amet mollit. In ad ullamco officia tempor nostrud dolor. Laboris deserunt excepteur ut ut do incididunt veniam quis eiusmod. Velit laborum nisi adipisicing incididunt tempor quis aute laborum cillum dolor voluptate aliqua Lorem. Lorem Lorem est voluptate amet voluptate aute ullamco reprehenderit adipisicing adipisicing. Est aliqua fugiat culpa ea proident incididunt duis ullamco quis pariatur officia labore aliqua.\r\n",
        "balance": "$2,546.47",
        "transactions": [
          {
            "date": "2014-03-23T04:38:20 +05:00",
            "amount": "$1,210.76",
            "type": "debit",
            "category": [
              "nulla",
              "ad",
              "qui",
              "elit",
              "deserunt",
              "labore",
              "do"
            ]
          },
          {
            "date": "2016-06-22T02:05:06 +05:00",
            "amount": "$2,470.85",
            "type": "debit",
            "category": [
              "nostrud",
              "proident",
              "id",
              "commodo",
              "non",
              "id",
              "voluptate"
            ]
          },
          {
            "date": "2014-02-01T06:31:33 +06:00",
            "amount": "$2,147.71",
            "type": "credit",
            "category": [
              "excepteur",
              "duis",
              "est",
              "laborum",
              "irure",
              "in",
              "do"
            ]
          },
          {
            "date": "2017-05-01T05:50:56 +05:00",
            "amount": "$1,152.39",
            "type": "debit",
            "category": [
              "mollit",
              "occaecat",
              "nisi",
              "dolore",
              "est",
              "dolore",
              "ipsum"
            ]
          }
        ]
      },
      {
        "isActive": true,
        "about": "Ad adipisicing aliquip velit in dolor ullamco velit incididunt eiusmod minim voluptate cupidatat occaecat ut. Aute labore do magna excepteur voluptate officia sit commodo qui. Qui mollit non eu tempor exercitation quis amet proident proident sit. Pariatur officia qui ea tempor nostrud. Laborum cillum aute duis incididunt velit duis qui qui eu voluptate aliqua cupidatat adipisicing sint. Aliqua non eiusmod elit aliqua. Culpa sit excepteur ex proident eu.\r\n",
        "balance": "$1,541.80",
        "transactions": [
          {
            "date": "2015-06-20T09:30:55 +05:00",
            "amount": "$3,213.68",
            "type": "credit",
            "category": [
              "anim",
              "elit",
              "magna",
              "amet",
              "consequat",
              "enim",
              "sint"
            ]
          },
          {
            "date": "2017-02-17T08:01:29 +06:00",
            "amount": "$1,191.21",
            "type": "credit",
            "category": [
              "amet",
              "irure",
              "occaecat",
              "commodo",
              "eu",
              "eiusmod",
              "magna"
            ]
          },
          {
            "date": "2015-09-05T02:55:15 +05:00",
            "amount": "$1,341.69",
            "type": "credit",
            "category": [
              "occaecat",
              "excepteur",
              "aute",
              "in",
              "do",
              "voluptate",
              "duis"
            ]
          },
          {
            "date": "2014-11-13T10:00:09 +06:00",
            "amount": "$2,404.75",
            "type": "debit",
            "category": [
              "sint",
              "voluptate",
              "cillum",
              "sunt",
              "tempor",
              "magna",
              "minim"
            ]
          }
        ]
      },
      {
        "isActive": true,
        "about": "Duis et qui id Lorem sit reprehenderit sint. Minim elit duis nisi qui exercitation proident eu laboris ea et. Consectetur elit ut magna Lorem eiusmod occaecat. Velit duis aliqua commodo tempor occaecat cillum sit nostrud sunt cillum eiusmod ea do.\r\n",
        "balance": "$1,329.85",
        "transactions": [
          {
            "date": "2017-12-12T04:19:48 +06:00",
            "amount": "$3,744.63",
            "type": "debit",
            "category": [
              "mollit",
              "nulla",
              "cillum",
              "consectetur",
              "aliquip",
              "minim",
              "sint"
            ]
          },
          {
            "date": "2015-04-09T04:21:31 +05:00",
            "amount": "$1,155.59",
            "type": "credit",
            "category": [
              "labore",
              "sunt",
              "pariatur",
              "aliqua",
              "ut",
              "officia",
              "exercitation"
            ]
          },
          {
            "date": "2017-12-07T06:32:57 +06:00",
            "amount": "$2,981.65",
            "type": "credit",
            "category": [
              "aute",
              "aliquip",
              "culpa",
              "sit",
              "sit",
              "est",
              "dolore"
            ]
          },
          {
            "date": "2016-05-09T03:53:54 +05:00",
            "amount": "$2,232.14",
            "type": "credit",
            "category": [
              "eiusmod",
              "do",
              "et",
              "irure",
              "duis",
              "ut",
              "culpa"
            ]
          }
        ]
      },
      {
        "isActive": true,
        "about": "Consequat adipisicing voluptate sint proident. Laborum ex quis adipisicing fugiat do aliquip est. Laborum ullamco amet est sit voluptate aute esse id cupidatat ipsum Lorem. Occaecat commodo eu labore ut reprehenderit deserunt.\r\n",
        "balance": "$3,833.63",
        "transactions": [
          {
            "date": "2014-06-16T02:27:54 +05:00",
            "amount": "$2,165.68",
            "type": "debit",
            "category": [
              "exercitation",
              "est",
              "esse",
              "magna",
              "do",
              "officia",
              "cillum"
            ]
          },
          {
            "date": "2016-12-05T05:33:22 +06:00",
            "amount": "$2,973.44",
            "type": "debit",
            "category": [
              "exercitation",
              "nulla",
              "eu",
              "incididunt",
              "sint",
              "mollit",
              "sint"
            ]
          },
          {
            "date": "2014-03-07T07:07:45 +06:00",
            "amount": "$1,900.36",
            "type": "debit",
            "category": [
              "eu",
              "anim",
              "velit",
              "do",
              "non",
              "in",
              "officia"
            ]
          },
          {
            "date": "2017-12-05T01:54:19 +06:00",
            "amount": "$3,421.07",
            "type": "credit",
            "category": [
              "amet",
              "id",
              "consequat",
              "amet",
              "dolor",
              "commodo",
              "ea"
            ]
          }
        ]
      },
      {
        "isActive": false,
        "about": "Eu in excepteur magna pariatur anim quis. Eiusmod reprehenderit enim quis duis qui. Consequat exercitation consectetur ea fugiat do laborum.\r\n",
        "balance": "$1,909.18",
        "transactions": [
          {
            "date": "2015-01-28T06:11:42 +06:00",
            "amount": "$2,649.98",
            "type": "credit",
            "category": [
              "reprehenderit",
              "ullamco",
              "non",
              "minim",
              "irure",
              "sit",
              "consectetur"
            ]
          },
          {
            "date": "2016-10-08T01:49:19 +05:00",
            "amount": "$1,211.55",
            "type": "credit",
            "category": [
              "ad",
              "in",
              "consectetur",
              "magna",
              "nulla",
              "reprehenderit",
              "et"
            ]
          },
          {
            "date": "2017-08-30T01:40:32 +05:00",
            "amount": "$3,413.61",
            "type": "debit",
            "category": [
              "in",
              "consectetur",
              "aliqua",
              "labore",
              "ea",
              "sit",
              "enim"
            ]
          },
          {
            "date": "2016-10-14T10:01:30 +05:00",
            "amount": "$2,690.66",
            "type": "debit",
            "category": [
              "laboris",
              "aliqua",
              "ea",
              "tempor",
              "nisi",
              "laboris",
              "ad"
            ]
          }
        ]
      },
      {
        "isActive": true,
        "about": "Exercitation enim aute magna amet elit minim ex ullamco occaecat voluptate in velit in. Est enim laborum aliquip ex ullamco incididunt nostrud. Sit proident id enim anim cupidatat velit in ipsum officia do aliquip. Cillum ex incididunt culpa reprehenderit tempor est aliquip aliquip fugiat. Dolor officia culpa eu voluptate nulla. Velit ex proident laborum ullamco sit occaecat Lorem excepteur in esse.\r\n",
        "balance": "$2,763.08",
        "transactions": [
          {
            "date": "2015-02-16T11:44:52 +06:00",
            "amount": "$2,783.34",
            "type": "credit",
            "category": [
              "nisi",
              "enim",
              "ullamco",
              "consectetur",
              "veniam",
              "aute",
              "nulla"
            ]
          },
          {
            "date": "2014-07-22T02:24:44 +05:00",
            "amount": "$1,167.83",
            "type": "debit",
            "category": [
              "magna",
              "in",
              "id",
              "et",
              "nulla",
              "voluptate",
              "ullamco"
            ]
          },
          {
            "date": "2014-08-05T06:22:24 +05:00",
            "amount": "$1,833.06",
            "type": "debit",
            "category": [
              "et",
              "exercitation",
              "occaecat",
              "exercitation",
              "consequat",
              "ea",
              "eu"
            ]
          },
          {
            "date": "2017-02-18T02:57:45 +06:00",
            "amount": "$1,534.58",
            "type": "debit",
            "category": [
              "sint",
              "Lorem",
              "Lorem",
              "id",
              "non",
              "consequat",
              "adipisicing"
            ]
          }
        ]
      },
      {
        "isActive": true,
        "about": "Qui ipsum pariatur officia qui laboris enim voluptate fugiat reprehenderit labore fugiat. Qui do dolor tempor sit laboris consectetur aute est. Elit sunt voluptate ad fugiat veniam minim. Commodo ex laboris cillum quis ea anim nostrud aliqua est veniam laboris aliqua ut id. Excepteur cupidatat nostrud et ex quis non sit nisi amet.\r\n",
        "balance": "$2,529.00",
        "transactions": [
          {
            "date": "2015-12-10T05:49:43 +06:00",
            "amount": "$3,970.89",
            "type": "debit",
            "category": [
              "officia",
              "irure",
              "minim",
              "aliqua",
              "ullamco",
              "qui",
              "eu"
            ]
          },
          {
            "date": "2015-07-01T01:33:30 +05:00",
            "amount": "$2,288.86",
            "type": "credit",
            "category": [
              "anim",
              "nisi",
              "nisi",
              "elit",
              "proident",
              "ea",
              "sunt"
            ]
          },
          {
            "date": "2017-09-14T12:49:58 +05:00",
            "amount": "$1,538.54",
            "type": "debit",
            "category": [
              "cillum",
              "fugiat",
              "fugiat",
              "cillum",
              "Lorem",
              "nisi",
              "id"
            ]
          },
          {
            "date": "2016-10-08T08:16:20 +05:00",
            "amount": "$1,008.71",
            "type": "debit",
            "category": [
              "ut",
              "ex",
              "eiusmod",
              "do",
              "proident",
              "non",
              "non"
            ]
          }
        ]
      }
    ]
  },
  {
    "_id": "5a5ae9e5b2491bf4e4ee2dad",
    "name": "Olson",
    "accountNum": 1,
    "index": 5,
    "accounts": []
  }
]