[
  {
    "_id": "5a5af671d4b6068867940429",
    "name": "Barrett",
    "accountNum": 2,
    "index": 0,
    "accounts": [
      {
        "isActive": false,
        "about": "Aliquip cupidatat anim laborum sunt ipsum est nulla sunt sunt ad labore adipisicing. Excepteur magna in sint anim do ipsum minim nisi eiusmod tempor non ea eu. Nostrud duis aliquip minim culpa aliqua. Do nostrud laboris velit enim ut eu ea veniam esse proident consequat irure sit et. Do aliquip eu proident amet anim pariatur commodo magna aliquip ad nisi qui.\r\n",
        "balance": "$3,364.43",
        "transactions": [
          {
            "date": "2015-01-17T11:41:24 +06:00",
            "amount": "$2,787.31",
            "type": "credit",
            "category": "savings"
          },
          {
            "date": "2015-08-20T01:49:11 +05:00",
            "amount": "$2,667.84",
            "type": "credit",
            "category": "recreational"
          },
          {
            "date": "2016-06-02T08:45:17 +05:00",
            "amount": "$3,859.81",
            "type": "debit",
            "category": "food"
          },
          {
            "date": "2014-11-28T07:46:38 +06:00",
            "amount": "$3,456.46",
            "type": "credit",
            "category": "dates"
          }
        ]
      },
      {
        "isActive": false,
        "about": "Tempor nostrud duis et non excepteur voluptate qui tempor culpa. Tempor occaecat non id labore dolore ex labore proident sunt exercitation irure Lorem ea non. Occaecat enim qui dolore adipisicing aliquip.\r\n",
        "balance": "$3,630.12",
        "transactions": [
          {
            "date": "2014-06-25T06:55:31 +05:00",
            "amount": "$1,315.51",
            "type": "debit",
            "category": "dates"
          },
          {
            "date": "2015-08-28T10:32:57 +05:00",
            "amount": "$2,478.45",
            "type": "credit",
            "category": "rent"
          },
          {
            "date": "2015-10-25T10:05:58 +05:00",
            "amount": "$3,610.75",
            "type": "credit",
            "category": "gas"
          },
          {
            "date": "2014-06-10T06:25:36 +05:00",
            "amount": "$3,798.38",
            "type": "credit",
            "category": "rent"
          }
        ]
      },
      {
        "isActive": false,
        "about": "Mollit velit sit sint et nostrud laboris. Aute consequat ut dolor adipisicing magna est. Dolor nostrud ex Lorem dolore cupidatat anim anim nisi non quis laborum. Irure sunt irure veniam pariatur nostrud. Do minim dolore culpa commodo veniam officia. Ipsum excepteur nisi sunt occaecat incididunt fugiat et aliqua. Tempor velit sint in ullamco ullamco veniam culpa irure ullamco.\r\n",
        "balance": "$2,853.32",
        "transactions": [
          {
            "date": "2016-07-22T12:52:17 +05:00",
            "amount": "$3,949.15",
            "type": "debit",
            "category": "recreational"
          },
          {
            "date": "2014-10-23T03:42:44 +05:00",
            "amount": "$2,730.12",
            "type": "debit",
            "category": "savings"
          },
          {
            "date": "2017-02-18T02:27:12 +06:00",
            "amount": "$3,950.04",
            "type": "credit",
            "category": "savings"
          },
          {
            "date": "2014-03-09T10:48:09 +05:00",
            "amount": "$2,430.60",
            "type": "debit",
            "category": "dates"
          }
        ]
      },
      {
        "isActive": true,
        "about": "Irure ea incididunt proident ipsum dolor minim duis adipisicing. In cillum ea id qui. Velit nulla eiusmod anim culpa esse sint minim est amet eu quis. Veniam amet commodo nisi deserunt dolore proident tempor nulla. Velit non non aute ullamco ex dolor. Aliquip tempor qui est exercitation non id ex nulla eiusmod incididunt ipsum ullamco consequat. Tempor eu dolore id ea id elit reprehenderit eiusmod cillum eu velit voluptate mollit laborum.\r\n",
        "balance": "$2,071.00",
        "transactions": [
          {
            "date": "2015-05-01T11:53:44 +05:00",
            "amount": "$2,355.74",
            "type": "credit",
            "category": "dates"
          },
          {
            "date": "2017-01-27T05:56:01 +06:00",
            "amount": "$3,772.30",
            "type": "debit",
            "category": "dates"
          },
          {
            "date": "2017-02-22T09:29:51 +06:00",
            "amount": "$2,140.86",
            "type": "debit",
            "category": "dates"
          },
          {
            "date": "2015-12-10T10:24:54 +06:00",
            "amount": "$2,461.20",
            "type": "debit",
            "category": "gas"
          }
        ]
      },
      {
        "isActive": true,
        "about": "Aute occaecat duis veniam veniam commodo enim elit occaecat qui laborum in incididunt veniam. Commodo irure sunt velit ut aliqua. Voluptate deserunt dolor exercitation adipisicing mollit id consectetur fugiat nostrud.\r\n",
        "balance": "$1,661.51",
        "transactions": [
          {
            "date": "2017-03-27T12:26:14 +05:00",
            "amount": "$3,321.10",
            "type": "debit",
            "category": "food"
          },
          {
            "date": "2014-06-07T11:03:15 +05:00",
            "amount": "$2,945.82",
            "type": "credit",
            "category": "food"
          },
          {
            "date": "2015-06-20T11:15:25 +05:00",
            "amount": "$2,821.06",
            "type": "debit",
            "category": "dates"
          },
          {
            "date": "2017-04-13T05:05:12 +05:00",
            "amount": "$3,572.69",
            "type": "credit",
            "category": "rent"
          }
        ]
      },
      {
        "isActive": true,
        "about": "Anim exercitation Lorem tempor deserunt elit qui veniam quis est commodo. Ipsum aute dolore Lorem reprehenderit. Consectetur labore sunt in pariatur adipisicing consequat sit. Fugiat occaecat sint occaecat qui ad proident nostrud eiusmod nulla labore eu. Veniam occaecat sit elit irure minim. Lorem commodo commodo nulla fugiat eu. Nisi aliqua adipisicing voluptate laborum commodo aliqua.\r\n",
        "balance": "$2,287.36",
        "transactions": [
          {
            "date": "2014-06-12T09:14:13 +05:00",
            "amount": "$2,359.12",
            "type": "credit",
            "category": "food"
          },
          {
            "date": "2014-02-23T06:21:22 +06:00",
            "amount": "$3,525.30",
            "type": "credit",
            "category": "food"
          },
          {
            "date": "2015-03-29T07:04:30 +05:00",
            "amount": "$3,317.18",
            "type": "debit",
            "category": "dates"
          },
          {
            "date": "2016-01-31T08:50:51 +06:00",
            "amount": "$2,269.13",
            "type": "credit",
            "category": "car"
          }
        ]
      },
      {
        "isActive": false,
        "about": "Aute duis ullamco officia dolor. Nulla et laboris ullamco dolore. Cupidatat nulla amet magna qui anim qui. Cupidatat dolor tempor dolore excepteur tempor esse aliquip ipsum duis nostrud irure ullamco. Sit eiusmod est reprehenderit cupidatat ad deserunt aliquip nulla duis adipisicing in do. Officia non consequat esse nulla reprehenderit tempor dolor non sit qui sit. Nulla enim nisi labore tempor ipsum pariatur nisi cupidatat fugiat proident aliqua sint.\r\n",
        "balance": "$3,776.87",
        "transactions": [
          {
            "date": "2017-09-29T11:25:58 +05:00",
            "amount": "$3,219.75",
            "type": "credit",
            "category": "food"
          },
          {
            "date": "2018-01-11T02:10:50 +06:00",
            "amount": "$1,831.52",
            "type": "credit",
            "category": "rent"
          },
          {
            "date": "2015-02-18T06:04:37 +06:00",
            "amount": "$1,061.38",
            "type": "credit",
            "category": "food"
          },
          {
            "date": "2017-02-05T06:45:53 +06:00",
            "amount": "$1,926.59",
            "type": "credit",
            "category": "food"
          }
        ]
      }
    ]
  },
  {
    "_id": "5a5af6716cd11d44b896d6bf",
    "name": "Shana",
    "accountNum": 6,
    "index": 1,
    "accounts": [
      {
        "isActive": false,
        "about": "Anim culpa veniam quis nostrud. Adipisicing qui proident anim aute dolor laborum nulla non nostrud. Id ex do eiusmod cupidatat. Velit nostrud pariatur officia occaecat aute. Dolore tempor enim voluptate nostrud do laborum ea velit voluptate ex ad do. Dolore duis nisi adipisicing aliqua eiusmod aliquip laborum excepteur ea cillum cillum anim. Sint quis commodo ea incididunt dolor aliqua.\r\n",
        "balance": "$1,399.91",
        "transactions": [
          {
            "date": "2017-12-04T04:36:23 +06:00",
            "amount": "$3,476.00",
            "type": "credit",
            "category": "food"
          },
          {
            "date": "2017-12-15T01:51:41 +06:00",
            "amount": "$3,567.55",
            "type": "debit",
            "category": "dates"
          },
          {
            "date": "2015-12-22T10:48:02 +06:00",
            "amount": "$2,111.14",
            "type": "credit",
            "category": "food"
          },
          {
            "date": "2017-11-23T10:49:51 +06:00",
            "amount": "$1,011.43",
            "type": "debit",
            "category": "food"
          }
        ]
      },
      {
        "isActive": true,
        "about": "Tempor ipsum minim aliquip voluptate ad amet officia non. In duis quis consequat ad nisi ut cupidatat ipsum id. Deserunt aliquip sunt exercitation dolor incididunt est esse. Fugiat id minim cupidatat aliquip aliqua veniam aliqua. Sunt laboris ipsum sit elit pariatur sint ex eiusmod occaecat. Aliqua sint duis excepteur laboris commodo nostrud.\r\n",
        "balance": "$3,565.40",
        "transactions": [
          {
            "date": "2018-01-04T05:30:02 +06:00",
            "amount": "$1,099.35",
            "type": "credit",
            "category": "recreational"
          },
          {
            "date": "2015-05-13T01:53:20 +05:00",
            "amount": "$1,719.23",
            "type": "debit",
            "category": "savings"
          },
          {
            "date": "2017-05-26T07:52:05 +05:00",
            "amount": "$1,330.85",
            "type": "credit",
            "category": "recreational"
          },
          {
            "date": "2014-08-05T06:42:42 +05:00",
            "amount": "$1,181.54",
            "type": "debit",
            "category": "dates"
          }
        ]
      },
      {
        "isActive": false,
        "about": "In nostrud eu do ea pariatur qui. Irure incididunt duis ullamco eu qui anim aliqua ullamco enim incididunt mollit. Veniam aliquip tempor laborum velit sint reprehenderit qui ea dolor laborum incididunt ex qui. Cupidatat nisi in non minim magna deserunt proident dolor excepteur irure cillum voluptate excepteur minim. Proident dolore duis voluptate culpa voluptate culpa. Excepteur irure esse ex Lorem laboris nulla eu minim dolor enim sit. Nulla labore irure cupidatat dolore laboris do in ullamco quis magna labore in in.\r\n",
        "balance": "$3,936.79",
        "transactions": [
          {
            "date": "2014-01-09T08:13:25 +06:00",
            "amount": "$3,014.70",
            "type": "credit",
            "category": "rent"
          },
          {
            "date": "2015-04-20T09:20:53 +05:00",
            "amount": "$2,825.34",
            "type": "debit",
            "category": "rent"
          },
          {
            "date": "2015-08-17T06:35:11 +05:00",
            "amount": "$3,027.42",
            "type": "credit",
            "category": "dates"
          },
          {
            "date": "2016-05-05T08:06:48 +05:00",
            "amount": "$3,475.95",
            "type": "credit",
            "category": "savings"
          }
        ]
      },
      {
        "isActive": false,
        "about": "Deserunt id laborum ipsum esse. Nisi excepteur qui dolore laborum officia aliqua id ea est exercitation reprehenderit. Et id excepteur cupidatat magna proident proident occaecat sit exercitation dolore. Occaecat deserunt occaecat nulla duis reprehenderit non ad nulla ex nostrud. Ullamco sit exercitation quis fugiat officia aliquip tempor velit exercitation commodo labore est incididunt. Ex laboris pariatur deserunt nostrud voluptate nisi ea. Laborum do eiusmod incididunt labore laborum tempor duis.\r\n",
        "balance": "$1,460.84",
        "transactions": [
          {
            "date": "2014-02-08T10:36:56 +06:00",
            "amount": "$3,331.22",
            "type": "debit",
            "category": "savings"
          },
          {
            "date": "2014-08-09T12:31:56 +05:00",
            "amount": "$1,044.75",
            "type": "credit",
            "category": "dates"
          },
          {
            "date": "2014-07-16T05:19:12 +05:00",
            "amount": "$3,441.50",
            "type": "credit",
            "category": "rent"
          },
          {
            "date": "2014-02-07T11:29:39 +06:00",
            "amount": "$3,537.31",
            "type": "debit",
            "category": "dates"
          }
        ]
      },
      {
        "isActive": true,
        "about": "Pariatur sunt occaecat pariatur cupidatat consequat ea ipsum pariatur Lorem ullamco. Exercitation nostrud eu tempor eiusmod incididunt dolore aliquip in ullamco minim nisi aliqua esse. Quis et nisi sint ea mollit ipsum fugiat ex reprehenderit.\r\n",
        "balance": "$1,650.04",
        "transactions": [
          {
            "date": "2016-08-22T07:56:23 +05:00",
            "amount": "$1,104.16",
            "type": "credit",
            "category": "dates"
          },
          {
            "date": "2015-04-11T05:10:32 +05:00",
            "amount": "$3,297.41",
            "type": "debit",
            "category": "food"
          },
          {
            "date": "2017-11-25T03:02:15 +06:00",
            "amount": "$1,063.93",
            "type": "credit",
            "category": "rent"
          },
          {
            "date": "2015-04-21T01:31:16 +05:00",
            "amount": "$2,233.10",
            "type": "credit",
            "category": "gas"
          }
        ]
      },
      {
        "isActive": true,
        "about": "Proident qui ut voluptate ipsum voluptate laborum ea eiusmod aute cillum excepteur. Laboris anim cillum exercitation consectetur officia amet laborum velit exercitation et ullamco. Cupidatat Lorem consectetur culpa in amet et ipsum aliquip eiusmod laboris. Duis nulla nulla ullamco ipsum nisi officia.\r\n",
        "balance": "$2,125.14",
        "transactions": [
          {
            "date": "2014-03-28T04:05:39 +05:00",
            "amount": "$2,016.50",
            "type": "debit",
            "category": "food"
          },
          {
            "date": "2017-06-26T05:21:02 +05:00",
            "amount": "$3,771.37",
            "type": "credit",
            "category": "car"
          },
          {
            "date": "2014-12-15T09:35:49 +06:00",
            "amount": "$1,455.25",
            "type": "credit",
            "category": "dates"
          },
          {
            "date": "2017-11-19T08:37:15 +06:00",
            "amount": "$1,687.49",
            "type": "credit",
            "category": "car"
          }
        ]
      },
      {
        "isActive": true,
        "about": "Aliqua minim in est dolore ex deserunt quis cupidatat sunt. Consequat velit aliqua laboris quis dolore proident do eu ea. Ipsum esse est in excepteur consectetur minim quis incididunt. Consectetur do sunt elit eiusmod ut sint aliquip in mollit minim.\r\n",
        "balance": "$1,544.29",
        "transactions": [
          {
            "date": "2016-01-07T02:13:19 +06:00",
            "amount": "$2,532.76",
            "type": "debit",
            "category": "gas"
          },
          {
            "date": "2016-05-08T08:32:13 +05:00",
            "amount": "$3,235.40",
            "type": "credit",
            "category": "gas"
          },
          {
            "date": "2015-11-02T12:04:37 +06:00",
            "amount": "$1,176.68",
            "type": "debit",
            "category": "car"
          },
          {
            "date": "2017-09-27T07:18:05 +05:00",
            "amount": "$3,304.57",
            "type": "debit",
            "category": "gas"
          }
        ]
      },
      {
        "isActive": true,
        "about": "Consequat aliquip culpa non consectetur culpa est culpa fugiat consequat commodo anim non. Anim nulla eiusmod minim labore commodo deserunt est duis anim dolore. Incididunt nisi anim aliqua commodo nulla consectetur Lorem commodo adipisicing ipsum id cupidatat nisi. Eu consectetur voluptate consequat dolore sunt qui dolor adipisicing sunt duis nostrud consectetur ea labore. Commodo ut nisi dolore minim pariatur enim. Est eiusmod eu aute irure minim reprehenderit ullamco incididunt laboris ut cillum laborum excepteur occaecat.\r\n",
        "balance": "$2,764.89",
        "transactions": [
          {
            "date": "2015-11-28T09:48:14 +06:00",
            "amount": "$2,266.16",
            "type": "credit",
            "category": "dates"
          },
          {
            "date": "2014-01-13T03:12:46 +06:00",
            "amount": "$1,512.19",
            "type": "debit",
            "category": "gas"
          },
          {
            "date": "2017-07-18T07:57:14 +05:00",
            "amount": "$3,434.25",
            "type": "debit",
            "category": "car"
          },
          {
            "date": "2014-01-18T11:21:18 +06:00",
            "amount": "$2,668.57",
            "type": "debit",
            "category": "food"
          }
        ]
      }
    ]
  },
  {
    "_id": "5a5af671faeb347632c57635",
    "name": "Mandy",
    "accountNum": 7,
    "index": 2,
    "accounts": [
      {
        "isActive": true,
        "about": "Et irure adipisicing sint qui ut magna laborum consectetur reprehenderit deserunt est. Qui ex voluptate ex sunt dolor sit culpa dolore enim duis. In labore labore irure minim cillum dolore minim quis anim elit reprehenderit tempor. Aute ad tempor qui tempor. Esse sit ex enim aute sunt velit aliqua officia anim duis veniam excepteur nisi. Elit Lorem dolor et velit enim mollit voluptate consectetur ad.\r\n",
        "balance": "$1,227.85",
        "transactions": [
          {
            "date": "2014-10-11T04:18:33 +05:00",
            "amount": "$1,393.82",
            "type": "debit",
            "category": "rent"
          },
          {
            "date": "2014-01-22T05:40:43 +06:00",
            "amount": "$3,563.69",
            "type": "credit",
            "category": "recreational"
          },
          {
            "date": "2014-06-08T10:41:05 +05:00",
            "amount": "$2,000.84",
            "type": "debit",
            "category": "food"
          },
          {
            "date": "2014-10-23T03:15:17 +05:00",
            "amount": "$2,326.61",
            "type": "debit",
            "category": "recreational"
          }
        ]
      },
      {
        "isActive": false,
        "about": "Dolor pariatur culpa ut pariatur Lorem in deserunt qui magna fugiat. In laborum elit culpa sint cillum cillum eu dolore nisi consectetur. Labore irure cillum reprehenderit et ex eiusmod ea anim laboris nostrud aute ut ad. Irure tempor deserunt laboris exercitation laboris deserunt ut Lorem eu aliquip excepteur. Exercitation laboris dolor sit aliquip proident mollit sint officia exercitation exercitation voluptate aute dolore aliqua. Ea elit occaecat dolore ad occaecat qui ipsum quis incididunt aute in aliqua.\r\n",
        "balance": "$1,727.89",
        "transactions": [
          {
            "date": "2017-02-18T06:44:17 +06:00",
            "amount": "$1,496.33",
            "type": "debit",
            "category": "food"
          },
          {
            "date": "2017-02-09T11:51:33 +06:00",
            "amount": "$1,490.97",
            "type": "credit",
            "category": "dates"
          },
          {
            "date": "2017-05-14T04:56:53 +05:00",
            "amount": "$1,906.38",
            "type": "credit",
            "category": "gas"
          },
          {
            "date": "2016-07-05T01:15:18 +05:00",
            "amount": "$3,605.77",
            "type": "debit",
            "category": "dates"
          }
        ]
      },
      {
        "isActive": false,
        "about": "Tempor nisi adipisicing sit in proident aute elit exercitation. Est est sint pariatur culpa exercitation elit. Dolore commodo eiusmod tempor labore Lorem. Adipisicing excepteur amet in deserunt officia aute nostrud commodo qui officia est. Id labore nisi est id laboris dolor velit nisi et ipsum enim adipisicing esse.\r\n",
        "balance": "$2,858.87",
        "transactions": [
          {
            "date": "2015-10-13T09:46:35 +05:00",
            "amount": "$2,699.28",
            "type": "credit",
            "category": "rent"
          },
          {
            "date": "2016-01-27T02:51:26 +06:00",
            "amount": "$2,996.54",
            "type": "credit",
            "category": "rent"
          },
          {
            "date": "2017-07-19T01:31:54 +05:00",
            "amount": "$2,726.77",
            "type": "debit",
            "category": "dates"
          },
          {
            "date": "2014-09-30T10:43:12 +05:00",
            "amount": "$3,462.90",
            "type": "credit",
            "category": "savings"
          }
        ]
      },
      {
        "isActive": true,
        "about": "Esse culpa consectetur nisi proident minim eiusmod exercitation anim sunt esse enim sint velit. Ea minim adipisicing Lorem laborum. Sit cillum culpa ea incididunt sunt minim Lorem commodo minim sunt. Nulla cillum in adipisicing tempor quis ex ex ad ut exercitation velit do.\r\n",
        "balance": "$1,906.25",
        "transactions": [
          {
            "date": "2015-07-21T06:45:12 +05:00",
            "amount": "$1,393.26",
            "type": "credit",
            "category": "rent"
          },
          {
            "date": "2017-02-24T03:11:32 +06:00",
            "amount": "$3,669.35",
            "type": "debit",
            "category": "savings"
          },
          {
            "date": "2015-01-13T05:10:55 +06:00",
            "amount": "$3,462.88",
            "type": "debit",
            "category": "car"
          },
          {
            "date": "2014-12-28T07:29:35 +06:00",
            "amount": "$1,612.95",
            "type": "debit",
            "category": "car"
          }
        ]
      },
      {
        "isActive": false,
        "about": "Duis ea aliqua cillum culpa occaecat sunt elit aliqua qui mollit aute. Quis Lorem ea enim incididunt enim laborum. Amet consequat in sit ex nisi elit consectetur aute dolore nostrud ad quis tempor exercitation.\r\n",
        "balance": "$2,039.63",
        "transactions": [
          {
            "date": "2016-06-29T07:34:33 +05:00",
            "amount": "$1,752.57",
            "type": "credit",
            "category": "recreational"
          },
          {
            "date": "2016-03-07T10:38:36 +06:00",
            "amount": "$1,097.71",
            "type": "debit",
            "category": "car"
          },
          {
            "date": "2017-11-21T09:10:38 +06:00",
            "amount": "$3,394.51",
            "type": "credit",
            "category": "car"
          },
          {
            "date": "2015-08-03T08:52:38 +05:00",
            "amount": "$2,710.33",
            "type": "credit",
            "category": "savings"
          }
        ]
      }
    ]
  },
  {
    "_id": "5a5af671fae56db89df9927c",
    "name": "Brennan",
    "accountNum": 6,
    "index": 3,
    "accounts": [
      {
        "isActive": true,
        "about": "Cillum laborum excepteur anim Lorem elit ipsum commodo officia deserunt consequat veniam elit. Qui dolore ea sint ullamco amet dolore ea reprehenderit. Labore incididunt adipisicing dolore labore sunt dolore aute. Qui dolor nulla officia proident exercitation aute. Quis eiusmod pariatur minim ad aute occaecat aliqua dolore aliqua id deserunt labore. Eu ut cupidatat dolor mollit magna exercitation.\r\n",
        "balance": "$2,865.25",
        "transactions": [
          {
            "date": "2017-11-17T10:54:29 +06:00",
            "amount": "$3,452.12",
            "type": "credit",
            "category": "gas"
          },
          {
            "date": "2015-11-27T04:59:22 +06:00",
            "amount": "$2,865.19",
            "type": "debit",
            "category": "food"
          },
          {
            "date": "2016-08-31T09:06:44 +05:00",
            "amount": "$2,734.70",
            "type": "credit",
            "category": "recreational"
          },
          {
            "date": "2016-10-29T12:03:07 +05:00",
            "amount": "$2,861.18",
            "type": "debit",
            "category": "savings"
          }
        ]
      },
      {
        "isActive": false,
        "about": "Adipisicing officia velit esse ad deserunt cupidatat duis est aliqua laborum laborum. Eu tempor mollit elit excepteur officia do laborum tempor sit id. Officia velit esse elit dolor ea excepteur sit sit occaecat. Elit proident ad nulla ex laboris consectetur aute mollit amet aliqua magna. Sit do id nisi anim excepteur ullamco. Mollit incididunt dolor mollit aute ad amet veniam minim. Sunt adipisicing culpa eiusmod nostrud fugiat dolore quis cillum occaecat ex.\r\n",
        "balance": "$1,982.32",
        "transactions": [
          {
            "date": "2016-01-24T01:51:30 +06:00",
            "amount": "$1,285.58",
            "type": "debit",
            "category": "dates"
          },
          {
            "date": "2017-03-15T02:34:55 +05:00",
            "amount": "$1,330.34",
            "type": "debit",
            "category": "rent"
          },
          {
            "date": "2014-05-12T07:15:30 +05:00",
            "amount": "$3,042.14",
            "type": "debit",
            "category": "recreational"
          },
          {
            "date": "2017-04-17T08:47:17 +05:00",
            "amount": "$1,907.07",
            "type": "debit",
            "category": "gas"
          }
        ]
      },
      {
        "isActive": true,
        "about": "Commodo exercitation cupidatat sint nisi eu consectetur occaecat tempor. Proident sunt officia sit nostrud deserunt eu in magna laborum. Ea ad veniam irure laborum aliqua reprehenderit cupidatat enim laborum consequat mollit eu excepteur labore. Do dolore aliqua aliqua sit nostrud cillum in incididunt labore minim proident in.\r\n",
        "balance": "$1,989.27",
        "transactions": [
          {
            "date": "2016-11-26T06:51:06 +06:00",
            "amount": "$2,702.89",
            "type": "credit",
            "category": "rent"
          },
          {
            "date": "2015-12-03T11:09:49 +06:00",
            "amount": "$3,289.00",
            "type": "credit",
            "category": "food"
          },
          {
            "date": "2015-08-02T06:29:17 +05:00",
            "amount": "$1,343.34",
            "type": "debit",
            "category": "food"
          },
          {
            "date": "2014-09-12T06:29:35 +05:00",
            "amount": "$2,229.99",
            "type": "credit",
            "category": "savings"
          }
        ]
      },
      {
        "isActive": false,
        "about": "Duis dolor quis sint reprehenderit culpa ad anim. Culpa pariatur anim nisi proident. Lorem velit sint et amet eiusmod.\r\n",
        "balance": "$2,760.09",
        "transactions": [
          {
            "date": "2016-02-14T07:53:37 +06:00",
            "amount": "$3,923.36",
            "type": "credit",
            "category": "food"
          },
          {
            "date": "2014-05-04T12:59:15 +05:00",
            "amount": "$1,161.62",
            "type": "credit",
            "category": "rent"
          },
          {
            "date": "2017-01-12T03:29:33 +06:00",
            "amount": "$2,036.27",
            "type": "debit",
            "category": "savings"
          },
          {
            "date": "2014-11-04T09:38:33 +06:00",
            "amount": "$3,168.91",
            "type": "debit",
            "category": "food"
          }
        ]
      },
      {
        "isActive": true,
        "about": "Minim velit consectetur sint pariatur sint sint in aliquip ut et anim incididunt commodo dolor. Mollit voluptate pariatur eiusmod magna aliquip laborum est consequat. Non est fugiat dolore amet eu ipsum dolore nulla anim nostrud eu. Cupidatat ex nostrud nisi excepteur. Aliquip eu eu sit mollit. Enim ipsum officia ea do elit irure dolor.\r\n",
        "balance": "$3,393.78",
        "transactions": [
          {
            "date": "2015-05-03T06:36:26 +05:00",
            "amount": "$2,539.20",
            "type": "debit",
            "category": "dates"
          },
          {
            "date": "2015-06-23T09:47:24 +05:00",
            "amount": "$1,785.05",
            "type": "debit",
            "category": "recreational"
          },
          {
            "date": "2017-07-04T12:54:17 +05:00",
            "amount": "$1,896.43",
            "type": "debit",
            "category": "gas"
          },
          {
            "date": "2015-01-26T02:14:36 +06:00",
            "amount": "$1,682.41",
            "type": "debit",
            "category": "recreational"
          }
        ]
      }
    ]
  },
  {
    "_id": "5a5af671245ca42d3242bd98",
    "name": "Colon",
    "accountNum": 5,
    "index": 4,
    "accounts": [
      {
        "isActive": false,
        "about": "Ullamco in eu minim deserunt aliquip ea mollit occaecat esse ut nisi. Tempor est ut adipisicing ipsum esse reprehenderit duis nostrud ullamco quis. Labore ex anim ut ad et incididunt duis esse anim commodo duis laboris. Quis labore eiusmod id commodo occaecat dolore elit cupidatat quis occaecat non dolore. Quis minim cillum irure ex voluptate deserunt ex dolore sunt sunt consectetur.\r\n",
        "balance": "$1,063.84",
        "transactions": [
          {
            "date": "2015-09-19T04:44:08 +05:00",
            "amount": "$2,037.28",
            "type": "credit",
            "category": "rent"
          },
          {
            "date": "2017-09-16T10:27:57 +05:00",
            "amount": "$1,927.74",
            "type": "credit",
            "category": "dates"
          },
          {
            "date": "2017-06-10T08:58:30 +05:00",
            "amount": "$2,197.18",
            "type": "credit",
            "category": "savings"
          },
          {
            "date": "2016-10-09T05:41:56 +05:00",
            "amount": "$2,131.64",
            "type": "credit",
            "category": "dates"
          }
        ]
      },
      {
        "isActive": false,
        "about": "Mollit nulla tempor aute aute mollit ad. Minim proident nostrud irure veniam qui veniam est. Eu cupidatat dolore nulla veniam tempor aliqua anim veniam commodo aute occaecat tempor quis tempor. Amet nulla elit proident deserunt pariatur commodo nulla. Pariatur proident aliquip irure aliqua sunt consectetur sit consequat eu sint. In veniam esse eu nostrud enim elit anim magna elit officia qui magna nulla adipisicing. Dolor enim non anim cillum sint amet irure velit quis qui.\r\n",
        "balance": "$2,238.00",
        "transactions": [
          {
            "date": "2016-02-21T03:27:01 +06:00",
            "amount": "$1,236.59",
            "type": "debit",
            "category": "gas"
          },
          {
            "date": "2016-01-24T04:06:12 +06:00",
            "amount": "$2,438.28",
            "type": "credit",
            "category": "gas"
          },
          {
            "date": "2016-07-09T07:38:54 +05:00",
            "amount": "$1,775.66",
            "type": "credit",
            "category": "recreational"
          },
          {
            "date": "2016-11-14T04:58:58 +06:00",
            "amount": "$3,853.69",
            "type": "credit",
            "category": "recreational"
          }
        ]
      },
      {
        "isActive": false,
        "about": "Excepteur eiusmod ad Lorem in fugiat sunt exercitation reprehenderit. Sunt sint mollit sunt veniam ad. Ad aute pariatur sunt elit ea ad fugiat nisi sint reprehenderit. Ut cupidatat anim quis eu exercitation qui cupidatat et proident aute ullamco labore. Non culpa consequat do deserunt pariatur eu nulla quis. Magna ipsum eiusmod cillum eiusmod officia veniam cupidatat eu eu duis consequat veniam.\r\n",
        "balance": "$3,609.28",
        "transactions": [
          {
            "date": "2015-05-13T11:25:42 +05:00",
            "amount": "$3,632.15",
            "type": "debit",
            "category": "rent"
          },
          {
            "date": "2014-01-31T02:53:27 +06:00",
            "amount": "$2,063.12",
            "type": "debit",
            "category": "dates"
          },
          {
            "date": "2014-06-08T03:19:36 +05:00",
            "amount": "$3,260.82",
            "type": "credit",
            "category": "savings"
          },
          {
            "date": "2017-06-11T03:59:27 +05:00",
            "amount": "$3,698.57",
            "type": "credit",
            "category": "food"
          }
        ]
      },
      {
        "isActive": true,
        "about": "Enim consectetur nostrud sint adipisicing ut. Reprehenderit excepteur reprehenderit ex magna. Quis elit cillum et nostrud cupidatat ipsum culpa dolore.\r\n",
        "balance": "$2,846.89",
        "transactions": [
          {
            "date": "2014-05-31T12:28:00 +05:00",
            "amount": "$1,843.30",
            "type": "debit",
            "category": "gas"
          },
          {
            "date": "2014-11-22T10:26:02 +06:00",
            "amount": "$3,428.90",
            "type": "debit",
            "category": "car"
          },
          {
            "date": "2017-01-11T07:27:47 +06:00",
            "amount": "$2,789.65",
            "type": "credit",
            "category": "savings"
          },
          {
            "date": "2015-06-26T01:26:03 +05:00",
            "amount": "$3,806.58",
            "type": "credit",
            "category": "rent"
          }
        ]
      },
      {
        "isActive": true,
        "about": "Nulla labore cillum voluptate laboris ipsum dolore. Cupidatat cillum dolore exercitation pariatur eu. Exercitation do labore fugiat ad anim labore deserunt. Minim ea qui ut magna in proident consequat quis eiusmod exercitation. Nisi sit est consequat non labore ut magna eu laborum.\r\n",
        "balance": "$3,292.01",
        "transactions": [
          {
            "date": "2014-04-01T01:12:05 +05:00",
            "amount": "$2,037.03",
            "type": "credit",
            "category": "recreational"
          },
          {
            "date": "2015-02-28T11:22:55 +06:00",
            "amount": "$2,131.08",
            "type": "credit",
            "category": "food"
          },
          {
            "date": "2017-11-12T02:40:21 +06:00",
            "amount": "$3,792.90",
            "type": "credit",
            "category": "food"
          },
          {
            "date": "2015-01-07T02:30:37 +06:00",
            "amount": "$2,449.26",
            "type": "credit",
            "category": "car"
          }
        ]
      },
      {
        "isActive": false,
        "about": "Incididunt mollit voluptate veniam ex. Nulla exercitation cillum esse laborum anim dolore sint adipisicing cillum. Deserunt sint pariatur veniam non ex proident do. Enim fugiat dolore officia est cillum enim sit. Ut sunt do magna in.\r\n",
        "balance": "$3,704.98",
        "transactions": [
          {
            "date": "2014-05-19T09:45:41 +05:00",
            "amount": "$3,994.12",
            "type": "debit",
            "category": "rent"
          },
          {
            "date": "2016-10-04T10:44:16 +05:00",
            "amount": "$2,333.78",
            "type": "credit",
            "category": "rent"
          },
          {
            "date": "2015-01-05T12:45:01 +06:00",
            "amount": "$1,207.72",
            "type": "debit",
            "category": "gas"
          },
          {
            "date": "2014-10-23T12:29:11 +05:00",
            "amount": "$3,189.94",
            "type": "credit",
            "category": "car"
          }
        ]
      },
      {
        "isActive": true,
        "about": "Enim ut commodo non ullamco aliqua. Duis adipisicing laborum veniam culpa qui eu aliquip anim officia officia aute laboris incididunt. Veniam laboris ad ex sint officia enim anim esse quis sint cupidatat.\r\n",
        "balance": "$1,224.32",
        "transactions": [
          {
            "date": "2016-09-25T09:00:12 +05:00",
            "amount": "$3,726.02",
            "type": "credit",
            "category": "rent"
          },
          {
            "date": "2017-03-03T04:25:22 +06:00",
            "amount": "$3,793.31",
            "type": "credit",
            "category": "recreational"
          },
          {
            "date": "2014-08-21T09:18:43 +05:00",
            "amount": "$3,296.86",
            "type": "debit",
            "category": "car"
          },
          {
            "date": "2016-08-02T09:02:45 +05:00",
            "amount": "$1,388.65",
            "type": "credit",
            "category": "gas"
          }
        ]
      }
    ]
  },
  {
    "_id": "5a5af6714421827970964b35",
    "name": "Shelby",
    "accountNum": 3,
    "index": 5,
    "accounts": [
      {
        "isActive": false,
        "about": "Ut duis esse non ex ad ullamco sint ad. Consequat quis excepteur labore aute. Minim duis ad occaecat do occaecat sit veniam deserunt sunt Lorem culpa aute elit dolor. Pariatur laboris Lorem velit dolor eu laborum ex ipsum consequat officia nulla. Amet esse et eu id sunt aliqua culpa sint sint in irure ea. Qui aute eu dolor est dolore non elit duis velit do Lorem nisi deserunt enim.\r\n",
        "balance": "$3,582.94",
        "transactions": [
          {
            "date": "2014-07-16T08:00:32 +05:00",
            "amount": "$2,415.89",
            "type": "debit",
            "category": "savings"
          },
          {
            "date": "2016-12-20T09:55:50 +06:00",
            "amount": "$1,084.87",
            "type": "credit",
            "category": "rent"
          },
          {
            "date": "2015-05-10T10:14:51 +05:00",
            "amount": "$1,217.60",
            "type": "credit",
            "category": "dates"
          },
          {
            "date": "2015-02-04T12:32:37 +06:00",
            "amount": "$3,474.97",
            "type": "credit",
            "category": "car"
          }
        ]
      },
      {
        "isActive": false,
        "about": "Non veniam laboris consectetur consequat mollit laboris occaecat eiusmod eu officia. Id laboris deserunt velit veniam proident eu eu ea incididunt ipsum. Reprehenderit est ea adipisicing irure sunt aute magna consequat nulla occaecat ea. Laboris magna incididunt cillum duis id incididunt occaecat tempor occaecat aliquip culpa. Deserunt labore excepteur dolor do officia proident sint commodo nisi est et irure eu anim. Nulla culpa in minim ad ad occaecat id amet nulla consectetur dolore duis.\r\n",
        "balance": "$1,899.96",
        "transactions": [
          {
            "date": "2014-05-28T02:44:09 +05:00",
            "amount": "$2,553.40",
            "type": "credit",
            "category": "gas"
          },
          {
            "date": "2017-09-25T06:52:07 +05:00",
            "amount": "$3,487.07",
            "type": "debit",
            "category": "gas"
          },
          {
            "date": "2015-09-19T02:14:16 +05:00",
            "amount": "$1,162.44",
            "type": "credit",
            "category": "gas"
          },
          {
            "date": "2016-01-03T11:29:59 +06:00",
            "amount": "$3,074.22",
            "type": "credit",
            "category": "car"
          }
        ]
      },
      {
        "isActive": true,
        "about": "Qui minim aute cillum in nostrud exercitation mollit. Mollit anim officia culpa exercitation tempor occaecat officia duis Lorem officia consectetur dolore anim. Ipsum velit laborum commodo eu ad et culpa ea eu ex aliquip tempor nulla. Ad minim labore duis fugiat laboris exercitation. Nisi sint excepteur cupidatat do labore adipisicing dolore est id amet.\r\n",
        "balance": "$1,394.01",
        "transactions": [
          {
            "date": "2017-08-30T06:19:06 +05:00",
            "amount": "$2,137.71",
            "type": "credit",
            "category": "car"
          },
          {
            "date": "2015-04-16T08:12:01 +05:00",
            "amount": "$3,699.68",
            "type": "debit",
            "category": "rent"
          },
          {
            "date": "2017-08-15T01:52:29 +05:00",
            "amount": "$2,299.14",
            "type": "debit",
            "category": "recreational"
          },
          {
            "date": "2016-12-19T09:03:17 +06:00",
            "amount": "$1,020.70",
            "type": "credit",
            "category": "rent"
          }
        ]
      },
      {
        "isActive": true,
        "about": "Quis adipisicing quis fugiat quis laboris nulla proident excepteur et tempor labore aliqua dolor amet. Cillum qui proident deserunt id anim in proident est officia eu. Lorem ad fugiat nulla non nulla reprehenderit nisi adipisicing adipisicing nostrud nisi. Id laboris aute velit velit occaecat sit id Lorem in voluptate ad magna. Velit Lorem tempor pariatur culpa eiusmod anim officia tempor aliqua occaecat id duis duis commodo.\r\n",
        "balance": "$3,467.11",
        "transactions": [
          {
            "date": "2017-05-14T07:33:39 +05:00",
            "amount": "$3,580.83",
            "type": "credit",
            "category": "food"
          },
          {
            "date": "2014-03-12T06:51:48 +05:00",
            "amount": "$3,358.46",
            "type": "debit",
            "category": "savings"
          },
          {
            "date": "2015-12-19T10:27:46 +06:00",
            "amount": "$2,816.95",
            "type": "debit",
            "category": "rent"
          },
          {
            "date": "2016-10-06T09:45:55 +05:00",
            "amount": "$2,297.08",
            "type": "credit",
            "category": "gas"
          }
        ]
      },
      {
        "isActive": true,
        "about": "Eiusmod aliquip culpa ut ullamco eiusmod veniam reprehenderit dolor consequat officia labore sunt. Nulla consectetur commodo adipisicing cupidatat officia. Amet proident id aute non eu voluptate voluptate veniam veniam. Mollit cillum sunt Lorem et et. Aute commodo id dolor nostrud ex nisi do sit. Labore officia aliquip non sunt sunt occaecat exercitation pariatur Lorem. Nostrud magna est reprehenderit nisi mollit anim id fugiat.\r\n",
        "balance": "$1,757.46",
        "transactions": [
          {
            "date": "2015-02-04T03:15:25 +06:00",
            "amount": "$1,966.99",
            "type": "debit",
            "category": "car"
          },
          {
            "date": "2016-02-16T07:29:52 +06:00",
            "amount": "$2,528.24",
            "type": "debit",
            "category": "food"
          },
          {
            "date": "2015-09-23T06:43:23 +05:00",
            "amount": "$1,437.00",
            "type": "debit",
            "category": "savings"
          },
          {
            "date": "2017-01-25T06:25:42 +06:00",
            "amount": "$1,204.98",
            "type": "credit",
            "category": "savings"
          }
        ]
      }
    ]
  },
  {
    "_id": "5a5af671014a69b54d8861c9",
    "name": "Gina",
    "accountNum": 5,
    "index": 6,
    "accounts": [
      {
        "isActive": false,
        "about": "Dolor ex cillum proident cillum ullamco proident ipsum commodo culpa aute est sint anim irure. Consequat commodo esse reprehenderit dolore excepteur ex. Dolore consequat reprehenderit anim dolore qui duis incididunt voluptate sit veniam esse deserunt. Ut adipisicing ut occaecat proident. Cupidatat pariatur commodo labore nisi. Et proident proident veniam consectetur minim aliquip non enim labore.\r\n",
        "balance": "$3,456.86",
        "transactions": [
          {
            "date": "2014-02-13T12:27:39 +06:00",
            "amount": "$1,449.76",
            "type": "debit",
            "category": "recreational"
          },
          {
            "date": "2017-07-01T11:51:06 +05:00",
            "amount": "$1,865.23",
            "type": "credit",
            "category": "gas"
          },
          {
            "date": "2015-07-25T03:07:39 +05:00",
            "amount": "$3,595.39",
            "type": "credit",
            "category": "dates"
          },
          {
            "date": "2017-05-30T08:19:02 +05:00",
            "amount": "$3,093.36",
            "type": "credit",
            "category": "car"
          }
        ]
      },
      {
        "isActive": false,
        "about": "Dolore quis consequat laboris velit occaecat minim consectetur dolor consequat duis minim. Mollit sit eiusmod ipsum quis consequat quis duis. Lorem labore exercitation commodo sunt commodo ullamco tempor reprehenderit consectetur. Laborum officia nulla sunt esse cupidatat esse ut magna sunt est cupidatat deserunt eiusmod.\r\n",
        "balance": "$2,210.77",
        "transactions": [
          {
            "date": "2017-11-05T06:06:03 +06:00",
            "amount": "$3,754.86",
            "type": "credit",
            "category": "food"
          },
          {
            "date": "2017-08-11T10:18:53 +05:00",
            "amount": "$2,353.18",
            "type": "credit",
            "category": "gas"
          },
          {
            "date": "2014-08-14T02:39:23 +05:00",
            "amount": "$3,768.08",
            "type": "debit",
            "category": "car"
          },
          {
            "date": "2017-10-23T03:11:56 +05:00",
            "amount": "$2,381.57",
            "type": "credit",
            "category": "gas"
          }
        ]
      },
      {
        "isActive": true,
        "about": "Deserunt sunt dolore exercitation dolore irure enim elit consectetur nisi veniam occaecat laboris. Voluptate officia adipisicing adipisicing esse non consequat. Veniam qui proident occaecat nulla id voluptate in laboris. Eu veniam commodo aliquip in amet voluptate tempor tempor enim proident reprehenderit.\r\n",
        "balance": "$1,197.28",
        "transactions": [
          {
            "date": "2014-10-09T11:20:04 +05:00",
            "amount": "$2,811.02",
            "type": "debit",
            "category": "rent"
          },
          {
            "date": "2014-07-24T04:24:03 +05:00",
            "amount": "$2,670.42",
            "type": "debit",
            "category": "rent"
          },
          {
            "date": "2016-05-07T05:58:36 +05:00",
            "amount": "$3,311.25",
            "type": "credit",
            "category": "rent"
          },
          {
            "date": "2015-11-05T09:56:39 +06:00",
            "amount": "$3,677.48",
            "type": "debit",
            "category": "gas"
          }
        ]
      },
      {
        "isActive": true,
        "about": "Enim cillum consectetur non veniam cillum qui Lorem. Qui reprehenderit qui ex nulla. Cillum quis dolor deserunt nulla amet elit ad. Culpa sit sint culpa laborum elit consectetur sit cillum amet id aute Lorem est. Nostrud aute veniam occaecat reprehenderit. In ea minim excepteur nostrud non duis magna sit. Est id in laborum nostrud velit mollit proident mollit ea aliquip aliquip in.\r\n",
        "balance": "$1,802.64",
        "transactions": [
          {
            "date": "2016-03-12T08:23:07 +06:00",
            "amount": "$2,372.23",
            "type": "credit",
            "category": "food"
          },
          {
            "date": "2014-03-27T02:35:14 +05:00",
            "amount": "$3,502.42",
            "type": "credit",
            "category": "recreational"
          },
          {
            "date": "2016-09-08T03:14:54 +05:00",
            "amount": "$3,966.98",
            "type": "credit",
            "category": "savings"
          },
          {
            "date": "2016-03-01T02:50:27 +06:00",
            "amount": "$1,352.52",
            "type": "credit",
            "category": "food"
          }
        ]
      },
      {
        "isActive": true,
        "about": "Magna nostrud consectetur irure nulla veniam elit irure amet id ex nisi. Voluptate sint amet amet laboris nulla ullamco nisi commodo proident. Officia deserunt ea proident dolor nisi dolore sint. Ullamco ad in dolor dolore excepteur et eu dolore proident laboris ex sit.\r\n",
        "balance": "$3,103.26",
        "transactions": [
          {
            "date": "2017-10-18T01:13:04 +05:00",
            "amount": "$3,082.69",
            "type": "credit",
            "category": "savings"
          },
          {
            "date": "2014-12-30T07:41:51 +06:00",
            "amount": "$2,689.36",
            "type": "debit",
            "category": "dates"
          },
          {
            "date": "2016-08-17T05:09:51 +05:00",
            "amount": "$1,875.11",
            "type": "credit",
            "category": "rent"
          },
          {
            "date": "2016-08-31T01:29:34 +05:00",
            "amount": "$2,041.05",
            "type": "credit",
            "category": "gas"
          }
        ]
      }
    ]
  }
]