[
  {
    "_id": "5a5a8cc99225f45c99364431",
    "name": "Hebert",
    "accountNum": 1,
    "index": 0,
    "accounts": [
      {
        "isActive": false,
        "about": "Ad aliquip est amet cupidatat anim aliquip duis consectetur labore pariatur dolore id velit. Exercitation qui sit excepteur sunt ad occaecat aliqua sit non nulla deserunt qui. Cupidatat fugiat consequat ut fugiat dolor quis est adipisicing fugiat mollit deserunt ex culpa.\r\n",
        "balance": "$2,239.41",
        "transactions": [
          {
            "date": "2017-01-02T07:21:37 +06:00",
            "amount": "$2,093.64",
            "category": [
              "et",
              "aliquip",
              "adipisicing",
              "laboris",
              "ut",
              "qui",
              "amet"
            ]
          },
          {
            "date": "2015-10-14T07:22:49 +05:00",
            "amount": "$2,972.53",
            "category": [
              "elit",
              "exercitation",
              "incididunt",
              "ad",
              "do",
              "qui",
              "et"
            ]
          },
          {
            "date": "2015-06-26T05:25:17 +05:00",
            "amount": "$1,456.16",
            "category": [
              "veniam",
              "occaecat",
              "nulla",
              "quis",
              "pariatur",
              "mollit",
              "excepteur"
            ]
          },
          {
            "date": "2015-06-01T05:26:18 +05:00",
            "amount": "$1,548.37",
            "category": [
              "qui",
              "commodo",
              "et",
              "in",
              "qui",
              "adipisicing",
              "Lorem"
            ]
          }
        ]
      },
      {
        "isActive": false,
        "about": "Occaecat anim sit dolor sint eu aliqua aliqua. Voluptate Lorem ad consequat culpa cillum dolore incididunt voluptate cupidatat ad esse aliqua non eiusmod. Ad velit proident minim nisi anim sunt sunt aliquip aliquip duis consequat magna. Labore in irure non officia. Magna cupidatat duis labore dolore esse magna excepteur. Incididunt culpa cupidatat minim deserunt duis dolore.\r\n",
        "balance": "$2,122.47",
        "transactions": [
          {
            "date": "2014-11-25T07:17:58 +06:00",
            "amount": "$1,663.36",
            "category": [
              "laboris",
              "elit",
              "ipsum",
              "nulla",
              "incididunt",
              "sit",
              "do"
            ]
          },
          {
            "date": "2016-04-12T05:18:20 +05:00",
            "amount": "$1,973.77",
            "category": [
              "nisi",
              "quis",
              "sit",
              "dolore",
              "sint",
              "tempor",
              "ad"
            ]
          },
          {
            "date": "2014-05-02T11:42:32 +05:00",
            "amount": "$3,334.67",
            "category": [
              "sint",
              "esse",
              "laboris",
              "id",
              "esse",
              "nostrud",
              "do"
            ]
          },
          {
            "date": "2015-05-16T11:26:15 +05:00",
            "amount": "$1,919.09",
            "category": [
              "adipisicing",
              "officia",
              "proident",
              "aliqua",
              "quis",
              "et",
              "elit"
            ]
          }
        ]
      },
      {
        "isActive": false,
        "about": "Officia officia nostrud occaecat consequat ex nulla adipisicing anim. Sunt non deserunt anim ut eiusmod aliqua ad. Qui anim mollit eu officia ut laboris velit quis pariatur duis do quis. Laboris voluptate minim Lorem commodo excepteur quis adipisicing in magna voluptate amet laborum. Excepteur ullamco labore ullamco laboris est qui tempor nisi. Duis proident in est velit. Cillum commodo anim proident amet reprehenderit dolore eiusmod enim labore aute exercitation qui Lorem.\r\n",
        "balance": "$2,558.45",
        "transactions": [
          {
            "date": "2014-07-05T05:24:43 +05:00",
            "amount": "$2,457.61",
            "category": [
              "amet",
              "ut",
              "Lorem",
              "occaecat",
              "cupidatat",
              "anim",
              "eiusmod"
            ]
          },
          {
            "date": "2016-07-07T01:41:53 +05:00",
            "amount": "$1,459.86",
            "category": [
              "nulla",
              "labore",
              "nostrud",
              "in",
              "officia",
              "sunt",
              "laborum"
            ]
          },
          {
            "date": "2014-07-05T11:50:40 +05:00",
            "amount": "$2,091.82",
            "category": [
              "ut",
              "in",
              "proident",
              "adipisicing",
              "aliqua",
              "duis",
              "laboris"
            ]
          },
          {
            "date": "2014-12-18T04:01:07 +06:00",
            "amount": "$3,653.18",
            "category": [
              "laborum",
              "do",
              "officia",
              "velit",
              "aliquip",
              "consequat",
              "amet"
            ]
          }
        ]
      },
      {
        "isActive": true,
        "about": "Aliquip nisi voluptate id irure exercitation irure ullamco aliquip fugiat exercitation. Aute ullamco consequat proident sit. Magna culpa minim nostrud pariatur magna veniam. Non non est amet cillum non cillum.\r\n",
        "balance": "$2,284.82",
        "transactions": [
          {
            "date": "2017-01-27T01:15:26 +06:00",
            "amount": "$1,657.44",
            "category": [
              "voluptate",
              "cillum",
              "esse",
              "proident",
              "sint",
              "aute",
              "fugiat"
            ]
          },
          {
            "date": "2016-04-06T01:20:13 +05:00",
            "amount": "$1,675.54",
            "category": [
              "excepteur",
              "Lorem",
              "dolor",
              "quis",
              "irure",
              "nulla",
              "do"
            ]
          },
          {
            "date": "2016-01-28T08:55:21 +06:00",
            "amount": "$2,693.17",
            "category": [
              "dolore",
              "anim",
              "consequat",
              "excepteur",
              "culpa",
              "duis",
              "dolore"
            ]
          },
          {
            "date": "2014-11-25T12:37:47 +06:00",
            "amount": "$1,179.84",
            "category": [
              "velit",
              "amet",
              "sit",
              "sunt",
              "elit",
              "elit",
              "excepteur"
            ]
          }
        ]
      }
    ]
  },
  {
    "_id": "5a5a8cc99332da6f7f592c67",
    "name": "Reyes",
    "accountNum": 6,
    "index": 1,
    "accounts": [
      {
        "isActive": false,
        "about": "Minim pariatur excepteur anim adipisicing pariatur enim adipisicing minim fugiat in nulla quis minim aute. Eiusmod ullamco id excepteur exercitation proident elit tempor. Sint occaecat commodo elit consectetur et reprehenderit laboris.\r\n",
        "balance": "$1,806.57",
        "transactions": [
          {
            "date": "2014-07-28T11:12:05 +05:00",
            "amount": "$2,935.39",
            "category": [
              "incididunt",
              "pariatur",
              "culpa",
              "eiusmod",
              "amet",
              "incididunt",
              "pariatur"
            ]
          },
          {
            "date": "2016-10-10T03:36:47 +05:00",
            "amount": "$1,472.14",
            "category": [
              "eu",
              "esse",
              "eiusmod",
              "commodo",
              "consectetur",
              "anim",
              "eiusmod"
            ]
          },
          {
            "date": "2017-10-05T07:14:42 +05:00",
            "amount": "$1,019.65",
            "category": [
              "eu",
              "esse",
              "et",
              "ad",
              "esse",
              "eu",
              "deserunt"
            ]
          },
          {
            "date": "2016-11-11T05:56:45 +06:00",
            "amount": "$3,766.60",
            "category": [
              "do",
              "aliqua",
              "minim",
              "magna",
              "reprehenderit",
              "sint",
              "exercitation"
            ]
          }
        ]
      },
      {
        "isActive": true,
        "about": "Laboris quis reprehenderit do veniam ex culpa pariatur enim sint non. Anim ex elit est sunt pariatur culpa ad et. Eu velit veniam veniam aliquip. Enim aliqua non ut dolore consequat pariatur.\r\n",
        "balance": "$3,532.46",
        "transactions": [
          {
            "date": "2018-01-07T09:01:44 +06:00",
            "amount": "$1,112.53",
            "category": [
              "sunt",
              "eiusmod",
              "commodo",
              "ullamco",
              "cillum",
              "consectetur",
              "exercitation"
            ]
          },
          {
            "date": "2017-09-19T01:44:21 +05:00",
            "amount": "$3,455.34",
            "category": [
              "eiusmod",
              "sunt",
              "consectetur",
              "duis",
              "Lorem",
              "nulla",
              "quis"
            ]
          },
          {
            "date": "2016-05-17T06:56:13 +05:00",
            "amount": "$2,925.06",
            "category": [
              "proident",
              "officia",
              "laboris",
              "incididunt",
              "anim",
              "irure",
              "amet"
            ]
          },
          {
            "date": "2015-06-05T09:26:51 +05:00",
            "amount": "$1,245.96",
            "category": [
              "in",
              "sint",
              "ullamco",
              "culpa",
              "enim",
              "officia",
              "eiusmod"
            ]
          }
        ]
      }
    ]
  },
  {
    "_id": "5a5a8cc9ec06d02788106e52",
    "name": "Mara",
    "accountNum": 5,
    "index": 2,
    "accounts": [
      {
        "isActive": false,
        "about": "Aliquip reprehenderit culpa sunt veniam sint sunt duis sint aliqua eu. Ipsum ut amet aliquip exercitation esse ullamco ex. Est adipisicing eu quis non pariatur tempor velit. Anim anim velit Lorem aliquip cupidatat cupidatat consectetur ullamco elit Lorem in aliqua sint.\r\n",
        "balance": "$1,732.80",
        "transactions": [
          {
            "date": "2015-05-30T05:13:45 +05:00",
            "amount": "$3,537.09",
            "category": [
              "commodo",
              "nulla",
              "adipisicing",
              "aliquip",
              "minim",
              "amet",
              "excepteur"
            ]
          },
          {
            "date": "2015-05-25T05:36:56 +05:00",
            "amount": "$3,474.10",
            "category": [
              "enim",
              "dolor",
              "veniam",
              "laborum",
              "aute",
              "irure",
              "mollit"
            ]
          },
          {
            "date": "2016-04-26T11:22:24 +05:00",
            "amount": "$3,284.05",
            "category": [
              "enim",
              "est",
              "aliquip",
              "labore",
              "commodo",
              "consequat",
              "magna"
            ]
          },
          {
            "date": "2014-02-08T09:45:34 +06:00",
            "amount": "$3,311.52",
            "category": [
              "voluptate",
              "minim",
              "aute",
              "ipsum",
              "aute",
              "nisi",
              "aliquip"
            ]
          }
        ]
      }
    ]
  },
  {
    "_id": "5a5a8cc98cf59e9729210873",
    "name": "Clarissa",
    "accountNum": 7,
    "index": 3,
    "accounts": [
      {
        "isActive": true,
        "about": "Reprehenderit fugiat laborum ex voluptate culpa nisi consectetur eu. Quis eu amet adipisicing eiusmod. Commodo officia anim aliqua reprehenderit. Esse eu non proident ex duis nulla ipsum aute ex dolor proident. Incididunt sunt voluptate ea dolor enim do aliquip ipsum mollit id.\r\n",
        "balance": "$1,680.80",
        "transactions": [
          {
            "date": "2014-01-16T05:56:13 +06:00",
            "amount": "$1,283.62",
            "category": [
              "incididunt",
              "sint",
              "et",
              "mollit",
              "esse",
              "pariatur",
              "ut"
            ]
          },
          {
            "date": "2016-08-16T08:54:23 +05:00",
            "amount": "$2,044.65",
            "category": [
              "non",
              "officia",
              "cillum",
              "ut",
              "anim",
              "enim",
              "nulla"
            ]
          },
          {
            "date": "2016-02-17T01:48:03 +06:00",
            "amount": "$2,521.82",
            "category": [
              "sit",
              "sunt",
              "officia",
              "anim",
              "ut",
              "dolor",
              "officia"
            ]
          },
          {
            "date": "2015-05-27T09:24:45 +05:00",
            "amount": "$1,850.57",
            "category": [
              "tempor",
              "cillum",
              "aute",
              "ea",
              "elit",
              "eu",
              "duis"
            ]
          }
        ]
      }
    ]
  },
  {
    "_id": "5a5a8cc919fb998f4e373235",
    "name": "Macias",
    "accountNum": 1,
    "index": 4,
    "accounts": [
      {
        "isActive": true,
        "about": "Occaecat ullamco in tempor labore eu in culpa nisi elit nostrud consequat ut id ut. Labore adipisicing excepteur eiusmod consequat cupidatat sint fugiat ad pariatur esse pariatur. Duis dolor magna non velit pariatur do amet cillum ullamco esse proident aliqua. Reprehenderit occaecat qui ea culpa fugiat cupidatat reprehenderit esse.\r\n",
        "balance": "$1,823.96",
        "transactions": [
          {
            "date": "2016-01-30T12:50:26 +06:00",
            "amount": "$1,254.76",
            "category": [
              "esse",
              "in",
              "ut",
              "laboris",
              "fugiat",
              "culpa",
              "dolor"
            ]
          },
          {
            "date": "2015-05-17T10:38:42 +05:00",
            "amount": "$1,483.73",
            "category": [
              "ullamco",
              "cillum",
              "id",
              "sit",
              "sunt",
              "laborum",
              "eiusmod"
            ]
          },
          {
            "date": "2017-06-15T06:00:42 +05:00",
            "amount": "$2,653.30",
            "category": [
              "dolore",
              "ad",
              "veniam",
              "consequat",
              "aute",
              "proident",
              "sint"
            ]
          },
          {
            "date": "2014-01-12T08:44:22 +06:00",
            "amount": "$3,840.04",
            "category": [
              "non",
              "laborum",
              "id",
              "exercitation",
              "labore",
              "esse",
              "qui"
            ]
          }
        ]
      },
      {
        "isActive": true,
        "about": "Incididunt aliquip ea aliqua eu aliquip sint est qui. Laboris eu eiusmod voluptate dolor aliqua anim. Ipsum mollit nostrud quis minim quis excepteur non aliquip quis.\r\n",
        "balance": "$1,967.98",
        "transactions": [
          {
            "date": "2016-06-14T02:55:27 +05:00",
            "amount": "$1,593.53",
            "category": [
              "deserunt",
              "Lorem",
              "sint",
              "incididunt",
              "eu",
              "in",
              "ut"
            ]
          },
          {
            "date": "2016-05-03T05:25:57 +05:00",
            "amount": "$1,936.08",
            "category": [
              "dolore",
              "sint",
              "ex",
              "amet",
              "tempor",
              "cillum",
              "do"
            ]
          },
          {
            "date": "2014-02-15T08:00:22 +06:00",
            "amount": "$3,716.99",
            "category": [
              "consectetur",
              "exercitation",
              "aute",
              "excepteur",
              "mollit",
              "eiusmod",
              "incididunt"
            ]
          },
          {
            "date": "2016-09-29T11:03:22 +05:00",
            "amount": "$1,447.59",
            "category": [
              "adipisicing",
              "enim",
              "qui",
              "dolor",
              "tempor",
              "irure",
              "adipisicing"
            ]
          }
        ]
      },
      {
        "isActive": true,
        "about": "Exercitation et duis aliquip ullamco Lorem do magna anim nulla dolor velit. Aute veniam exercitation incididunt Lorem anim sint velit. Duis excepteur Lorem quis quis occaecat et elit mollit officia nulla. Exercitation amet dolor aliqua anim amet culpa nostrud. Fugiat ut fugiat amet elit mollit sunt aliqua. Eu sint labore velit cillum. Amet incididunt aliqua proident excepteur nulla non consequat ipsum quis pariatur nostrud.\r\n",
        "balance": "$3,900.23",
        "transactions": [
          {
            "date": "2014-04-09T07:30:47 +05:00",
            "amount": "$1,636.39",
            "category": [
              "reprehenderit",
              "excepteur",
              "duis",
              "enim",
              "duis",
              "reprehenderit",
              "irure"
            ]
          },
          {
            "date": "2015-06-21T02:44:56 +05:00",
            "amount": "$1,082.49",
            "category": [
              "velit",
              "culpa",
              "adipisicing",
              "incididunt",
              "veniam",
              "id",
              "consectetur"
            ]
          },
          {
            "date": "2014-01-28T05:32:51 +06:00",
            "amount": "$1,293.89",
            "category": [
              "consequat",
              "ipsum",
              "culpa",
              "et",
              "occaecat",
              "laboris",
              "mollit"
            ]
          },
          {
            "date": "2015-11-16T05:07:48 +06:00",
            "amount": "$1,908.57",
            "category": [
              "eiusmod",
              "aliquip",
              "eiusmod",
              "fugiat",
              "labore",
              "ea",
              "sit"
            ]
          }
        ]
      }
    ]
  },
  {
    "_id": "5a5a8cc9aadc7b938c7c6787",
    "name": "Lloyd",
    "accountNum": 2,
    "index": 5,
    "accounts": []
  }
]