[
  {
    "_id": "5a5a880ceef53b0f0ec945d6",
    "name": "Lynnette",
    "accountNum": 3,
    "index": 0,
    "accounts": [
      {
        "isActive": false,
        "about": "Consectetur est ullamco consectetur minim reprehenderit officia incididunt cupidatat. Commodo amet cillum nisi nisi cillum excepteur. Do sit in sint culpa. Consequat dolor mollit elit magna nisi quis in non ullamco occaecat excepteur. Labore cupidatat qui eiusmod ut qui. Excepteur tempor adipisicing excepteur duis. Mollit ipsum aliquip ut esse exercitation ullamco ut eu.\r\n",
        "balance": "$3,130.88",
        "transactions": [
          {
            "date": "2017-03-08T01:37:40 +06:00",
            "amount": "$1,157.92",
            "category": [
              "mollit",
              "velit",
              "consequat",
              "amet",
              "adipisicing",
              "quis",
              "sint"
            ]
          },
          {
            "date": "2017-08-21T07:04:16 +05:00",
            "amount": "$1,041.76",
            "category": [
              "ex",
              "incididunt",
              "incididunt",
              "exercitation",
              "dolor",
              "ea",
              "velit"
            ]
          },
          {
            "date": "2015-09-09T03:33:24 +05:00",
            "amount": "$2,886.52",
            "category": [
              "ullamco",
              "eiusmod",
              "est",
              "sit",
              "pariatur",
              "nisi",
              "irure"
            ]
          },
          {
            "date": "2014-10-23T07:20:40 +05:00",
            "amount": "$2,162.86",
            "category": [
              "culpa",
              "veniam",
              "irure",
              "in",
              "sit",
              "aliqua",
              "et"
            ]
          }
        ]
      },
      {
        "isActive": false,
        "about": "Aliqua duis consequat reprehenderit laborum proident anim commodo aliqua id irure et consectetur tempor. Eu reprehenderit consectetur consequat ad incididunt commodo. Do velit cillum mollit reprehenderit adipisicing anim cillum amet reprehenderit tempor anim sint.\r\n",
        "balance": "$3,569.78",
        "transactions": [
          {
            "date": "2017-03-30T02:46:44 +05:00",
            "amount": "$2,799.48",
            "category": [
              "qui",
              "labore",
              "sint",
              "occaecat",
              "id",
              "esse",
              "laborum"
            ]
          },
          {
            "date": "2016-11-19T01:44:37 +06:00",
            "amount": "$2,523.94",
            "category": [
              "aliqua",
              "elit",
              "ex",
              "consectetur",
              "magna",
              "velit",
              "sint"
            ]
          },
          {
            "date": "2017-07-14T04:48:59 +05:00",
            "amount": "$2,211.84",
            "category": [
              "ipsum",
              "cillum",
              "irure",
              "pariatur",
              "et",
              "nisi",
              "proident"
            ]
          },
          {
            "date": "2016-11-22T08:28:41 +06:00",
            "amount": "$1,114.94",
            "category": [
              "dolor",
              "consectetur",
              "officia",
              "non",
              "nisi",
              "commodo",
              "ut"
            ]
          }
        ]
      },
      {
        "isActive": false,
        "about": "Cupidatat enim et incididunt incididunt aute proident ipsum. Ullamco Lorem quis do duis pariatur occaecat exercitation laboris quis exercitation elit do. Aliqua ex ullamco magna pariatur non cupidatat adipisicing occaecat consectetur dolor exercitation non duis commodo. Sunt labore sint do et magna aliqua cupidatat incididunt quis aliquip ut quis commodo incididunt. Ullamco quis reprehenderit minim enim esse aliquip. Labore culpa quis duis qui sunt tempor amet eu anim elit et.\r\n",
        "balance": "$2,348.90",
        "transactions": [
          {
            "date": "2014-08-04T09:36:30 +05:00",
            "amount": "$2,045.14",
            "category": [
              "do",
              "duis",
              "officia",
              "consequat",
              "enim",
              "sunt",
              "eu"
            ]
          },
          {
            "date": "2017-10-17T04:02:51 +05:00",
            "amount": "$2,773.78",
            "category": [
              "culpa",
              "irure",
              "cillum",
              "fugiat",
              "ullamco",
              "reprehenderit",
              "deserunt"
            ]
          },
          {
            "date": "2016-07-09T04:26:26 +05:00",
            "amount": "$1,498.80",
            "category": [
              "eu",
              "Lorem",
              "aliqua",
              "ut",
              "est",
              "veniam",
              "Lorem"
            ]
          },
          {
            "date": "2015-04-25T09:05:26 +05:00",
            "amount": "$1,298.13",
            "category": [
              "irure",
              "aliqua",
              "magna",
              "ea",
              "enim",
              "ullamco",
              "quis"
            ]
          }
        ]
      },
      {
        "isActive": false,
        "about": "Pariatur irure velit pariatur adipisicing deserunt magna id ut enim do excepteur laborum laborum. Exercitation irure ea incididunt labore sint cillum pariatur ea eiusmod. Excepteur mollit ipsum adipisicing dolor aliquip voluptate velit elit in consequat. Tempor tempor sint proident proident nisi tempor elit magna aliqua ullamco qui sunt nulla.\r\n",
        "balance": "$2,783.58",
        "transactions": [
          {
            "date": "2016-03-28T11:36:15 +05:00",
            "amount": "$1,907.26",
            "category": [
              "eu",
              "eu",
              "reprehenderit",
              "nulla",
              "eu",
              "ullamco",
              "officia"
            ]
          },
          {
            "date": "2014-12-31T01:51:33 +06:00",
            "amount": "$1,926.15",
            "category": [
              "magna",
              "officia",
              "aliquip",
              "enim",
              "Lorem",
              "dolore",
              "adipisicing"
            ]
          },
          {
            "date": "2014-03-03T07:19:53 +06:00",
            "amount": "$1,941.28",
            "category": [
              "est",
              "qui",
              "aute",
              "elit",
              "ipsum",
              "minim",
              "do"
            ]
          },
          {
            "date": "2017-12-28T09:31:57 +06:00",
            "amount": "$1,101.13",
            "category": [
              "id",
              "culpa",
              "deserunt",
              "aute",
              "et",
              "elit",
              "nisi"
            ]
          }
        ]
      },
      {
        "isActive": false,
        "about": "Labore nisi sunt aliqua sunt anim officia cillum voluptate sit mollit aliqua non eiusmod. Pariatur et cupidatat reprehenderit excepteur irure incididunt ad amet voluptate esse. Non est consequat consectetur reprehenderit pariatur reprehenderit sit exercitation consectetur consectetur ullamco pariatur. Irure non in minim nisi sint ea cupidatat Lorem minim sint.\r\n",
        "balance": "$3,754.27",
        "transactions": [
          {
            "date": "2015-05-17T09:59:43 +05:00",
            "amount": "$3,799.74",
            "category": [
              "commodo",
              "voluptate",
              "incididunt",
              "labore",
              "exercitation",
              "qui",
              "nostrud"
            ]
          },
          {
            "date": "2016-05-11T06:08:50 +05:00",
            "amount": "$2,293.81",
            "category": [
              "quis",
              "sunt",
              "qui",
              "voluptate",
              "culpa",
              "quis",
              "elit"
            ]
          },
          {
            "date": "2017-07-16T03:33:01 +05:00",
            "amount": "$3,827.96",
            "category": [
              "mollit",
              "officia",
              "Lorem",
              "deserunt",
              "ut",
              "culpa",
              "enim"
            ]
          },
          {
            "date": "2015-03-30T03:45:07 +05:00",
            "amount": "$2,843.37",
            "category": [
              "enim",
              "elit",
              "enim",
              "veniam",
              "irure",
              "amet",
              "adipisicing"
            ]
          }
        ]
      }
    ]
  },
  {
    "_id": "5a5a880c71ace81f4620cc31",
    "name": "Bradford",
    "accountNum": 5,
    "index": 1,
    "accounts": [
      {
        "isActive": true,
        "about": "Velit adipisicing laboris fugiat excepteur cupidatat aute. Laborum eiusmod magna reprehenderit dolor non excepteur in aute. Officia anim eu eu do laborum anim.\r\n",
        "balance": "$3,389.45",
        "transactions": [
          {
            "date": "2016-10-02T07:33:01 +05:00",
            "amount": "$1,552.52",
            "category": [
              "dolore",
              "et",
              "in",
              "aute",
              "non",
              "Lorem",
              "nisi"
            ]
          },
          {
            "date": "2017-03-19T05:43:17 +05:00",
            "amount": "$1,780.35",
            "category": [
              "Lorem",
              "anim",
              "occaecat",
              "sunt",
              "proident",
              "id",
              "magna"
            ]
          },
          {
            "date": "2016-08-11T03:57:13 +05:00",
            "amount": "$3,511.25",
            "category": [
              "eiusmod",
              "excepteur",
              "aute",
              "ullamco",
              "mollit",
              "ad",
              "ex"
            ]
          },
          {
            "date": "2017-01-31T02:57:02 +06:00",
            "amount": "$2,267.66",
            "category": [
              "quis",
              "ullamco",
              "esse",
              "laboris",
              "enim",
              "sint",
              "anim"
            ]
          }
        ]
      },
      {
        "isActive": true,
        "about": "Qui minim quis pariatur cupidatat nulla. Voluptate non velit nisi reprehenderit. Proident deserunt laborum aliquip aliqua tempor proident nisi consectetur fugiat aliqua do. Fugiat duis aute sunt aute consectetur do.\r\n",
        "balance": "$2,697.56",
        "transactions": [
          {
            "date": "2016-07-13T10:30:02 +05:00",
            "amount": "$1,061.15",
            "category": [
              "non",
              "nulla",
              "nostrud",
              "do",
              "pariatur",
              "tempor",
              "laborum"
            ]
          },
          {
            "date": "2015-03-12T02:18:16 +05:00",
            "amount": "$3,154.08",
            "category": [
              "veniam",
              "Lorem",
              "ea",
              "Lorem",
              "sunt",
              "adipisicing",
              "Lorem"
            ]
          },
          {
            "date": "2015-01-18T11:07:00 +06:00",
            "amount": "$2,173.22",
            "category": [
              "culpa",
              "deserunt",
              "duis",
              "labore",
              "non",
              "dolor",
              "qui"
            ]
          },
          {
            "date": "2017-09-30T02:17:33 +05:00",
            "amount": "$1,759.61",
            "category": [
              "magna",
              "cupidatat",
              "deserunt",
              "laboris",
              "aliquip",
              "sint",
              "in"
            ]
          }
        ]
      },
      {
        "isActive": true,
        "about": "Excepteur nulla commodo nulla consectetur irure magna incididunt cillum eu. Commodo adipisicing esse et ex commodo. Culpa aliqua est incididunt ut do magna Lorem pariatur laboris fugiat fugiat. Aliquip irure sint deserunt sit dolore anim ipsum tempor excepteur sint elit nisi. Dolore cillum in culpa elit est ea ullamco reprehenderit Lorem ad consectetur aliqua minim.\r\n",
        "balance": "$1,459.75",
        "transactions": [
          {
            "date": "2015-09-02T05:11:38 +05:00",
            "amount": "$3,545.58",
            "category": [
              "id",
              "labore",
              "ut",
              "cillum",
              "sunt",
              "irure",
              "dolore"
            ]
          },
          {
            "date": "2014-04-22T04:50:37 +05:00",
            "amount": "$2,519.07",
            "category": [
              "aliquip",
              "dolore",
              "commodo",
              "culpa",
              "dolor",
              "adipisicing",
              "laboris"
            ]
          },
          {
            "date": "2016-10-11T09:11:12 +05:00",
            "amount": "$2,221.87",
            "category": [
              "eu",
              "exercitation",
              "nisi",
              "sit",
              "adipisicing",
              "sunt",
              "duis"
            ]
          },
          {
            "date": "2015-03-07T10:49:13 +06:00",
            "amount": "$2,246.11",
            "category": [
              "sit",
              "culpa",
              "veniam",
              "ea",
              "reprehenderit",
              "tempor",
              "aliqua"
            ]
          }
        ]
      },
      {
        "isActive": false,
        "about": "Enim quis culpa laboris occaecat aute anim ipsum in. Qui et ipsum reprehenderit voluptate. Nulla sunt consequat labore velit amet exercitation aliqua excepteur do aute minim ipsum labore. Mollit ut laboris magna culpa consectetur proident est qui voluptate cillum. Irure voluptate consequat veniam sit ut. Consequat duis voluptate adipisicing velit esse nostrud eu mollit.\r\n",
        "balance": "$3,918.76",
        "transactions": [
          {
            "date": "2015-01-31T07:54:02 +06:00",
            "amount": "$2,705.74",
            "category": [
              "sint",
              "cupidatat",
              "culpa",
              "nulla",
              "dolore",
              "quis",
              "ad"
            ]
          },
          {
            "date": "2017-08-23T10:12:12 +05:00",
            "amount": "$3,495.26",
            "category": [
              "nulla",
              "dolor",
              "do",
              "ut",
              "minim",
              "ullamco",
              "exercitation"
            ]
          },
          {
            "date": "2016-07-08T02:21:43 +05:00",
            "amount": "$3,579.74",
            "category": [
              "quis",
              "eu",
              "labore",
              "tempor",
              "irure",
              "adipisicing",
              "minim"
            ]
          },
          {
            "date": "2015-07-03T01:04:42 +05:00",
            "amount": "$2,309.73",
            "category": [
              "voluptate",
              "reprehenderit",
              "enim",
              "ut",
              "tempor",
              "sint",
              "ea"
            ]
          }
        ]
      },
      {
        "isActive": false,
        "about": "Id ut ipsum labore pariatur dolore amet adipisicing et culpa nostrud. Ipsum et irure culpa tempor. Lorem laborum nisi exercitation consequat elit ullamco ullamco excepteur nulla occaecat.\r\n",
        "balance": "$3,438.41",
        "transactions": [
          {
            "date": "2015-04-22T04:24:46 +05:00",
            "amount": "$3,531.61",
            "category": [
              "aliqua",
              "ut",
              "minim",
              "in",
              "in",
              "aute",
              "sunt"
            ]
          },
          {
            "date": "2016-12-02T11:06:12 +06:00",
            "amount": "$3,528.19",
            "category": [
              "elit",
              "exercitation",
              "Lorem",
              "aliqua",
              "eu",
              "esse",
              "dolore"
            ]
          },
          {
            "date": "2017-08-05T02:42:01 +05:00",
            "amount": "$2,546.72",
            "category": [
              "reprehenderit",
              "tempor",
              "occaecat",
              "ea",
              "cupidatat",
              "ipsum",
              "quis"
            ]
          },
          {
            "date": "2014-10-14T06:47:53 +05:00",
            "amount": "$2,435.80",
            "category": [
              "eu",
              "velit",
              "adipisicing",
              "ex",
              "magna",
              "ut",
              "do"
            ]
          }
        ]
      }
    ]
  },
  {
    "_id": "5a5a880cebf1be089bc1c250",
    "name": "Sheryl",
    "accountNum": 6,
    "index": 2,
    "accounts": [
      {
        "isActive": true,
        "about": "Minim nisi occaecat mollit laborum reprehenderit. Sunt sint irure velit id ipsum officia. Excepteur est proident pariatur est consequat. Officia pariatur fugiat aliqua esse magna sint velit commodo deserunt adipisicing est sit do. Anim et minim cupidatat dolore laborum eiusmod officia.\r\n",
        "balance": "$2,416.02",
        "transactions": [
          {
            "date": "2014-12-17T11:48:22 +06:00",
            "amount": "$1,526.92",
            "category": [
              "fugiat",
              "minim",
              "magna",
              "laborum",
              "ipsum",
              "eu",
              "enim"
            ]
          },
          {
            "date": "2015-12-31T12:47:33 +06:00",
            "amount": "$3,957.69",
            "category": [
              "commodo",
              "enim",
              "non",
              "officia",
              "nulla",
              "reprehenderit",
              "sint"
            ]
          },
          {
            "date": "2016-12-01T10:05:02 +06:00",
            "amount": "$1,576.18",
            "category": [
              "sunt",
              "id",
              "enim",
              "magna",
              "velit",
              "aliqua",
              "laborum"
            ]
          },
          {
            "date": "2016-07-26T01:54:31 +05:00",
            "amount": "$3,345.54",
            "category": [
              "id",
              "qui",
              "voluptate",
              "in",
              "elit",
              "anim",
              "sint"
            ]
          }
        ]
      },
      {
        "isActive": true,
        "about": "Eu reprehenderit in ut dolor nulla. Lorem tempor fugiat consectetur incididunt Lorem exercitation qui enim culpa. Cillum et nostrud deserunt ullamco esse sunt veniam fugiat adipisicing excepteur. Lorem cupidatat eu laborum labore cillum. Cupidatat cupidatat labore culpa voluptate. Eiusmod laborum cillum id voluptate cillum minim deserunt laboris sint laboris. Amet commodo quis sint velit.\r\n",
        "balance": "$1,875.11",
        "transactions": [
          {
            "date": "2014-11-17T02:30:16 +06:00",
            "amount": "$2,192.57",
            "category": [
              "labore",
              "velit",
              "elit",
              "voluptate",
              "id",
              "sunt",
              "labore"
            ]
          },
          {
            "date": "2017-03-29T02:18:07 +05:00",
            "amount": "$3,859.61",
            "category": [
              "aute",
              "fugiat",
              "voluptate",
              "sit",
              "reprehenderit",
              "irure",
              "mollit"
            ]
          },
          {
            "date": "2017-01-18T11:17:58 +06:00",
            "amount": "$3,132.66",
            "category": [
              "nisi",
              "enim",
              "dolor",
              "eiusmod",
              "ipsum",
              "esse",
              "aliquip"
            ]
          },
          {
            "date": "2017-01-22T10:46:06 +06:00",
            "amount": "$3,836.81",
            "category": [
              "aute",
              "laboris",
              "ex",
              "non",
              "tempor",
              "nulla",
              "dolor"
            ]
          }
        ]
      },
      {
        "isActive": false,
        "about": "Duis eu cillum eu reprehenderit. Sit laborum id pariatur mollit laboris consequat. Fugiat occaecat ex veniam excepteur velit voluptate quis Lorem dolore magna veniam consectetur et. Eiusmod consectetur eu Lorem enim adipisicing tempor enim. Mollit minim tempor aliquip est excepteur mollit ipsum est exercitation voluptate mollit nisi proident. Dolor labore cupidatat dolore ea ipsum mollit Lorem tempor quis reprehenderit pariatur elit quis. Elit ullamco nostrud qui exercitation ullamco qui amet anim excepteur ut commodo fugiat laboris officia.\r\n",
        "balance": "$1,141.00",
        "transactions": [
          {
            "date": "2017-12-14T05:56:08 +06:00",
            "amount": "$1,529.29",
            "category": [
              "occaecat",
              "eiusmod",
              "adipisicing",
              "magna",
              "sint",
              "occaecat",
              "labore"
            ]
          },
          {
            "date": "2017-10-25T05:30:16 +05:00",
            "amount": "$2,526.34",
            "category": [
              "culpa",
              "et",
              "culpa",
              "magna",
              "esse",
              "aute",
              "irure"
            ]
          },
          {
            "date": "2017-01-17T08:49:48 +06:00",
            "amount": "$3,852.72",
            "category": [
              "ullamco",
              "nostrud",
              "irure",
              "id",
              "eu",
              "exercitation",
              "nisi"
            ]
          },
          {
            "date": "2016-09-11T01:53:45 +05:00",
            "amount": "$1,450.21",
            "category": [
              "occaecat",
              "magna",
              "qui",
              "laborum",
              "exercitation",
              "enim",
              "laborum"
            ]
          }
        ]
      },
      {
        "isActive": false,
        "about": "Enim ut deserunt exercitation esse incididunt enim aliquip eiusmod amet incididunt aute consequat non esse. Lorem fugiat eiusmod exercitation qui mollit ad nisi id. Eiusmod sunt commodo do magna.\r\n",
        "balance": "$1,593.09",
        "transactions": [
          {
            "date": "2015-09-27T07:17:19 +05:00",
            "amount": "$1,494.35",
            "category": [
              "eu",
              "laborum",
              "duis",
              "aliquip",
              "nostrud",
              "aute",
              "cillum"
            ]
          },
          {
            "date": "2014-05-14T01:42:06 +05:00",
            "amount": "$3,052.28",
            "category": [
              "esse",
              "voluptate",
              "amet",
              "in",
              "elit",
              "qui",
              "ex"
            ]
          },
          {
            "date": "2017-01-07T07:12:24 +06:00",
            "amount": "$3,939.55",
            "category": [
              "anim",
              "deserunt",
              "anim",
              "exercitation",
              "aute",
              "in",
              "ullamco"
            ]
          },
          {
            "date": "2016-12-31T10:06:12 +06:00",
            "amount": "$3,371.57",
            "category": [
              "nulla",
              "minim",
              "consectetur",
              "ipsum",
              "consequat",
              "incididunt",
              "exercitation"
            ]
          }
        ]
      },
      {
        "isActive": true,
        "about": "Labore incididunt ut ut aliqua esse quis eiusmod. Ex eu exercitation ipsum commodo veniam aliquip reprehenderit qui sunt consectetur dolor ut ad. Commodo duis nisi enim in minim proident dolor ipsum occaecat sit magna laboris. Id fugiat Lorem ullamco velit duis ipsum velit reprehenderit sunt fugiat. Reprehenderit mollit qui consectetur ullamco minim irure ex enim exercitation sit. Eu amet ea dolor sit. Veniam ipsum id Lorem qui dolore.\r\n",
        "balance": "$3,605.86",
        "transactions": [
          {
            "date": "2018-01-06T06:15:33 +06:00",
            "amount": "$3,945.04",
            "category": [
              "cillum",
              "est",
              "est",
              "id",
              "nulla",
              "mollit",
              "proident"
            ]
          },
          {
            "date": "2015-04-17T01:11:18 +05:00",
            "amount": "$3,723.72",
            "category": [
              "quis",
              "enim",
              "qui",
              "non",
              "laborum",
              "ex",
              "consectetur"
            ]
          },
          {
            "date": "2015-08-13T05:50:48 +05:00",
            "amount": "$2,939.29",
            "category": [
              "magna",
              "velit",
              "adipisicing",
              "ex",
              "nulla",
              "amet",
              "consequat"
            ]
          },
          {
            "date": "2016-10-18T12:57:58 +05:00",
            "amount": "$1,866.78",
            "category": [
              "sit",
              "amet",
              "dolor",
              "do",
              "dolore",
              "laboris",
              "anim"
            ]
          }
        ]
      }
    ]
  },
  {
    "_id": "5a5a880c93923291c4030ea2",
    "name": "Frances",
    "accountNum": 1,
    "index": 3,
    "accounts": [
      {
        "isActive": false,
        "about": "Irure enim laborum et sit dolore in laboris dolore est do sit amet reprehenderit laboris. Nostrud dolore velit officia dolore do nulla excepteur cupidatat. Tempor elit amet et excepteur aliqua reprehenderit non proident amet qui adipisicing est.\r\n",
        "balance": "$3,486.72",
        "transactions": [
          {
            "date": "2016-02-03T06:08:59 +06:00",
            "amount": "$1,474.45",
            "category": [
              "cillum",
              "deserunt",
              "irure",
              "eiusmod",
              "nisi",
              "eiusmod",
              "minim"
            ]
          },
          {
            "date": "2015-03-10T02:01:39 +05:00",
            "amount": "$1,410.32",
            "category": [
              "excepteur",
              "non",
              "adipisicing",
              "quis",
              "eu",
              "eiusmod",
              "eiusmod"
            ]
          },
          {
            "date": "2014-07-23T04:50:01 +05:00",
            "amount": "$1,784.46",
            "category": [
              "laborum",
              "aute",
              "id",
              "labore",
              "ea",
              "exercitation",
              "Lorem"
            ]
          },
          {
            "date": "2016-10-02T08:10:35 +05:00",
            "amount": "$3,521.87",
            "category": [
              "est",
              "non",
              "minim",
              "dolore",
              "minim",
              "eu",
              "ullamco"
            ]
          }
        ]
      },
      {
        "isActive": true,
        "about": "Id fugiat anim dolore voluptate proident aliqua dolore anim esse fugiat et irure exercitation. Incididunt fugiat adipisicing mollit elit anim nisi fugiat aute nulla magna in. Nulla fugiat aliqua reprehenderit pariatur. Minim pariatur duis ut elit magna duis dolor reprehenderit pariatur commodo mollit. Nisi sit cillum do exercitation nostrud do fugiat. Proident duis labore voluptate incididunt.\r\n",
        "balance": "$3,895.89",
        "transactions": [
          {
            "date": "2016-03-12T09:38:00 +06:00",
            "amount": "$2,512.55",
            "category": [
              "commodo",
              "sunt",
              "id",
              "irure",
              "ea",
              "quis",
              "culpa"
            ]
          },
          {
            "date": "2015-05-15T09:27:23 +05:00",
            "amount": "$3,141.25",
            "category": [
              "sit",
              "consectetur",
              "nulla",
              "adipisicing",
              "non",
              "do",
              "commodo"
            ]
          },
          {
            "date": "2016-05-08T02:36:01 +05:00",
            "amount": "$2,813.44",
            "category": [
              "ad",
              "consectetur",
              "sit",
              "ex",
              "exercitation",
              "dolor",
              "cupidatat"
            ]
          },
          {
            "date": "2015-09-05T09:10:54 +05:00",
            "amount": "$2,543.06",
            "category": [
              "Lorem",
              "ut",
              "ex",
              "in",
              "amet",
              "sint",
              "esse"
            ]
          }
        ]
      },
      {
        "isActive": false,
        "about": "Fugiat dolor officia reprehenderit ad veniam excepteur ullamco magna. Ipsum duis eu veniam consectetur consectetur anim et dolore eiusmod anim culpa et labore. Fugiat elit cupidatat proident nisi amet cupidatat consequat pariatur est minim do elit nulla. Sit aliqua elit enim labore officia laborum voluptate Lorem velit sit.\r\n",
        "balance": "$2,354.28",
        "transactions": [
          {
            "date": "2016-08-19T12:36:13 +05:00",
            "amount": "$2,855.77",
            "category": [
              "mollit",
              "veniam",
              "officia",
              "mollit",
              "consequat",
              "consectetur",
              "esse"
            ]
          },
          {
            "date": "2015-03-06T05:20:18 +06:00",
            "amount": "$3,122.92",
            "category": [
              "proident",
              "commodo",
              "velit",
              "consequat",
              "aliqua",
              "duis",
              "cupidatat"
            ]
          },
          {
            "date": "2014-08-31T03:39:00 +05:00",
            "amount": "$2,463.30",
            "category": [
              "exercitation",
              "ex",
              "nulla",
              "aliquip",
              "culpa",
              "ex",
              "do"
            ]
          },
          {
            "date": "2015-03-04T10:07:21 +06:00",
            "amount": "$2,257.09",
            "category": [
              "aute",
              "cupidatat",
              "est",
              "sit",
              "nisi",
              "exercitation",
              "laborum"
            ]
          }
        ]
      },
      {
        "isActive": false,
        "about": "Eu laboris officia dolore nostrud. Ullamco ut ex nostrud et consectetur amet ullamco exercitation ad tempor consequat id eu. Laborum enim tempor duis amet aliquip ad aliqua. Cillum id in ut tempor eiusmod non. Ut nostrud adipisicing aute eu deserunt esse. Velit fugiat sint quis laborum.\r\n",
        "balance": "$3,190.56",
        "transactions": [
          {
            "date": "2015-10-11T03:52:22 +05:00",
            "amount": "$1,305.10",
            "category": [
              "elit",
              "tempor",
              "aliquip",
              "do",
              "mollit",
              "adipisicing",
              "sunt"
            ]
          },
          {
            "date": "2014-08-03T07:08:39 +05:00",
            "amount": "$2,943.44",
            "category": [
              "ut",
              "ex",
              "sint",
              "fugiat",
              "nulla",
              "qui",
              "mollit"
            ]
          },
          {
            "date": "2017-01-19T07:16:21 +06:00",
            "amount": "$3,542.96",
            "category": [
              "cupidatat",
              "adipisicing",
              "reprehenderit",
              "ad",
              "reprehenderit",
              "deserunt",
              "incididunt"
            ]
          },
          {
            "date": "2015-09-05T04:10:16 +05:00",
            "amount": "$1,444.79",
            "category": [
              "proident",
              "dolor",
              "dolore",
              "consectetur",
              "dolor",
              "dolor",
              "ex"
            ]
          }
        ]
      },
      {
        "isActive": false,
        "about": "Cillum laboris dolor nulla sit velit deserunt reprehenderit aute. Ullamco anim deserunt occaecat aliquip commodo irure anim non in. Consectetur enim cupidatat mollit aliquip non duis excepteur id irure.\r\n",
        "balance": "$1,971.95",
        "transactions": [
          {
            "date": "2014-01-20T09:44:55 +06:00",
            "amount": "$3,513.43",
            "category": [
              "dolor",
              "pariatur",
              "ea",
              "ea",
              "est",
              "enim",
              "officia"
            ]
          },
          {
            "date": "2017-01-05T09:47:24 +06:00",
            "amount": "$1,191.16",
            "category": [
              "in",
              "quis",
              "reprehenderit",
              "exercitation",
              "sunt",
              "nisi",
              "commodo"
            ]
          },
          {
            "date": "2016-04-27T11:40:29 +05:00",
            "amount": "$1,193.24",
            "category": [
              "id",
              "exercitation",
              "ea",
              "anim",
              "commodo",
              "consectetur",
              "minim"
            ]
          },
          {
            "date": "2014-06-07T03:20:01 +05:00",
            "amount": "$2,213.54",
            "category": [
              "amet",
              "non",
              "esse",
              "esse",
              "anim",
              "ad",
              "laborum"
            ]
          }
        ]
      }
    ]
  },
  {
    "_id": "5a5a880cb0e81d1c63bc6eff",
    "name": "Lorrie",
    "accountNum": 2,
    "index": 4,
    "accounts": [
      {
        "isActive": false,
        "about": "Commodo pariatur enim eiusmod proident veniam incididunt veniam in ut officia excepteur proident. Sunt eiusmod ut laboris consectetur veniam irure dolor labore deserunt fugiat. Commodo eiusmod anim irure minim cillum laboris sunt labore dolor magna.\r\n",
        "balance": "$2,256.96",
        "transactions": [
          {
            "date": "2016-03-03T03:29:41 +06:00",
            "amount": "$2,466.41",
            "category": [
              "voluptate",
              "Lorem",
              "eiusmod",
              "dolore",
              "adipisicing",
              "amet",
              "excepteur"
            ]
          },
          {
            "date": "2016-10-07T06:56:39 +05:00",
            "amount": "$1,655.61",
            "category": [
              "culpa",
              "dolor",
              "cillum",
              "dolore",
              "est",
              "exercitation",
              "eu"
            ]
          },
          {
            "date": "2015-12-10T05:33:34 +06:00",
            "amount": "$3,780.24",
            "category": [
              "ad",
              "laboris",
              "quis",
              "dolor",
              "qui",
              "non",
              "duis"
            ]
          },
          {
            "date": "2016-01-01T05:45:33 +06:00",
            "amount": "$3,865.46",
            "category": [
              "pariatur",
              "ullamco",
              "elit",
              "mollit",
              "duis",
              "voluptate",
              "ut"
            ]
          }
        ]
      },
      {
        "isActive": false,
        "about": "Cupidatat commodo tempor esse aliqua nisi dolore. Eiusmod irure nulla occaecat voluptate commodo occaecat ipsum amet occaecat ad pariatur ea sit velit. In do eu laborum consequat velit officia ut dolor id fugiat adipisicing. Amet reprehenderit ad dolore nisi eu sint exercitation sint dolor sunt.\r\n",
        "balance": "$1,436.40",
        "transactions": [
          {
            "date": "2016-11-10T03:14:35 +06:00",
            "amount": "$2,630.69",
            "category": [
              "do",
              "labore",
              "reprehenderit",
              "proident",
              "nulla",
              "tempor",
              "pariatur"
            ]
          },
          {
            "date": "2015-06-24T11:56:07 +05:00",
            "amount": "$1,639.42",
            "category": [
              "mollit",
              "ipsum",
              "esse",
              "dolore",
              "esse",
              "velit",
              "sunt"
            ]
          },
          {
            "date": "2017-09-10T03:09:29 +05:00",
            "amount": "$3,386.44",
            "category": [
              "consequat",
              "dolore",
              "commodo",
              "sunt",
              "veniam",
              "fugiat",
              "officia"
            ]
          },
          {
            "date": "2016-04-17T04:26:43 +05:00",
            "amount": "$2,506.34",
            "category": [
              "qui",
              "mollit",
              "eiusmod",
              "ullamco",
              "excepteur",
              "pariatur",
              "proident"
            ]
          }
        ]
      },
      {
        "isActive": true,
        "about": "Deserunt amet exercitation nisi consequat eiusmod laborum. Anim eu eu cillum reprehenderit officia nisi. Veniam occaecat est consequat adipisicing est et nisi. Ut adipisicing ea aliquip duis sit excepteur sit ea commodo. Laboris enim do Lorem officia aliquip occaecat ea esse cillum laborum amet esse deserunt exercitation. Consectetur duis labore ex nostrud cillum nostrud aliqua nostrud minim Lorem velit.\r\n",
        "balance": "$2,844.58",
        "transactions": [
          {
            "date": "2014-07-31T01:47:07 +05:00",
            "amount": "$1,958.07",
            "category": [
              "sit",
              "eiusmod",
              "labore",
              "aliquip",
              "voluptate",
              "occaecat",
              "elit"
            ]
          },
          {
            "date": "2017-07-09T10:46:40 +05:00",
            "amount": "$1,444.00",
            "category": [
              "ut",
              "enim",
              "commodo",
              "sunt",
              "incididunt",
              "fugiat",
              "veniam"
            ]
          },
          {
            "date": "2017-05-01T05:02:06 +05:00",
            "amount": "$2,357.00",
            "category": [
              "nostrud",
              "voluptate",
              "commodo",
              "officia",
              "Lorem",
              "fugiat",
              "commodo"
            ]
          },
          {
            "date": "2016-06-29T03:28:18 +05:00",
            "amount": "$3,864.44",
            "category": [
              "pariatur",
              "tempor",
              "cupidatat",
              "sint",
              "proident",
              "deserunt",
              "pariatur"
            ]
          }
        ]
      },
      {
        "isActive": true,
        "about": "Magna amet commodo exercitation deserunt consectetur laboris culpa consectetur incididunt ut deserunt labore. Officia fugiat ullamco veniam est minim labore officia exercitation consectetur nisi irure. Commodo ipsum excepteur id nulla quis aliqua dolore irure ut duis. Consectetur non ullamco Lorem do anim veniam est consequat labore. Ad deserunt voluptate pariatur Lorem. Qui aute velit dolor tempor duis ut. Laboris anim eu esse mollit adipisicing nisi consectetur incididunt cillum deserunt ipsum culpa aliquip magna.\r\n",
        "balance": "$3,828.05",
        "transactions": [
          {
            "date": "2017-04-25T01:26:24 +05:00",
            "amount": "$2,060.99",
            "category": [
              "aute",
              "ea",
              "proident",
              "voluptate",
              "Lorem",
              "sunt",
              "ex"
            ]
          },
          {
            "date": "2017-08-31T08:46:42 +05:00",
            "amount": "$1,654.76",
            "category": [
              "esse",
              "tempor",
              "occaecat",
              "sunt",
              "ullamco",
              "reprehenderit",
              "anim"
            ]
          },
          {
            "date": "2014-12-18T01:35:41 +06:00",
            "amount": "$1,452.67",
            "category": [
              "amet",
              "quis",
              "aliquip",
              "anim",
              "qui",
              "exercitation",
              "velit"
            ]
          },
          {
            "date": "2014-11-01T04:01:04 +05:00",
            "amount": "$2,863.30",
            "category": [
              "dolor",
              "consequat",
              "officia",
              "ea",
              "sunt",
              "proident",
              "labore"
            ]
          }
        ]
      },
      {
        "isActive": false,
        "about": "Nostrud sunt laborum ad do aliquip. Voluptate fugiat reprehenderit cillum non magna minim. Adipisicing culpa consequat minim Lorem sunt excepteur sit pariatur ullamco velit qui nisi et incididunt. Aute minim fugiat irure non aliqua ullamco in sit nisi laborum nostrud proident. Ex nulla elit esse mollit. Ad non reprehenderit aliquip officia duis enim aliquip minim aliquip enim eiusmod non incididunt. Laboris et eu id nulla qui velit aliqua culpa esse adipisicing amet sint consequat.\r\n",
        "balance": "$2,942.63",
        "transactions": [
          {
            "date": "2014-10-09T05:31:29 +05:00",
            "amount": "$1,795.15",
            "category": [
              "ullamco",
              "labore",
              "amet",
              "exercitation",
              "officia",
              "dolore",
              "ipsum"
            ]
          },
          {
            "date": "2015-07-01T11:22:13 +05:00",
            "amount": "$3,796.01",
            "category": [
              "aliqua",
              "ad",
              "cupidatat",
              "sit",
              "mollit",
              "excepteur",
              "id"
            ]
          },
          {
            "date": "2014-04-26T09:07:27 +05:00",
            "amount": "$3,893.22",
            "category": [
              "Lorem",
              "ullamco",
              "consectetur",
              "id",
              "irure",
              "Lorem",
              "reprehenderit"
            ]
          },
          {
            "date": "2014-12-25T04:57:21 +06:00",
            "amount": "$2,344.50",
            "category": [
              "aliquip",
              "mollit",
              "incididunt",
              "veniam",
              "veniam",
              "irure",
              "irure"
            ]
          }
        ]
      }
    ]
  }
]