{
  "_id": "5a5b062036e716549e815e39",
  "name": "Patterson",
  "accountNum": 1,
  "index": 0,
  "transactions": [
    {
      "sender": 9089880225,
      "receiver": 8325626243,
      "isActive": false,
      "note": "Anim esse eiusmod occaecat culpa cupidatat eiusmod elit.",
      "date": "2015-09-15T01:58:10 +05:00",
      "amount": "$2,686.59",
      "type": "debit",
      "category": "food"
    },
    {
      "sender": 7784903160,
      "receiver": 5544618956,
      "isActive": true,
      "note": "Laborum aliqua fugiat do in minim est quis ea enim voluptate non veniam sint.",
      "date": "2016-04-07T05:26:33 +05:00",
      "amount": "$1,885.73",
      "type": "debit",
      "category": "savings"
    },
    {
      "sender": 2392350279,
      "receiver": 3372453657,
      "isActive": true,
      "note": "Enim qui aliqua occaecat id tempor sit.",
      "date": "2015-10-04T09:02:59 +05:00",
      "amount": "$2,596.69",
      "type": "credit",
      "category": "dates"
    },
    {
      "sender": 9800305411,
      "receiver": 6691618907,
      "isActive": false,
      "note": "Dolore ex et ut aliqua enim consequat et sunt.",
      "date": "2014-04-20T09:58:43 +05:00",
      "amount": "$2,328.20",
      "type": "credit",
      "category": "savings"
    },
    {
      "sender": 4124483933,
      "receiver": 3811839239,
      "isActive": false,
      "note": "Dolore sit officia consectetur nisi.",
      "date": "2016-04-27T08:14:54 +05:00",
      "amount": "$2,447.15",
      "type": "debit",
      "category": "car"
    },
    {
      "sender": 7217293495,
      "receiver": 4295093696,
      "isActive": true,
      "note": "Pariatur officia dolor officia et reprehenderit mollit id non non elit nostrud fugiat dolor velit.",
      "date": "2017-09-25T08:31:05 +05:00",
      "amount": "$1,589.41",
      "type": "credit",
      "category": "recreational"
    },
    {
      "sender": 2696805843,
      "receiver": 9097202245,
      "isActive": true,
      "note": "Tempor minim magna cillum elit do pariatur laboris id consequat.",
      "date": "2015-10-06T08:09:08 +05:00",
      "amount": "$2,255.14",
      "type": "credit",
      "category": "savings"
    },
    {
      "sender": 6158532691,
      "receiver": 5449048014,
      "isActive": true,
      "note": "Lorem eu voluptate occaecat velit culpa proident elit ea aute anim adipisicing pariatur Lorem.",
      "date": "2015-01-14T02:00:19 +06:00",
      "amount": "$3,595.45",
      "type": "debit",
      "category": "dates"
    },
    {
      "sender": 5673621361,
      "receiver": 6841354089,
      "isActive": false,
      "note": "Consequat aliqua ex enim ullamco.",
      "date": "2014-01-25T08:19:57 +06:00",
      "amount": "$2,464.12",
      "type": "credit",
      "category": "food"
    },
    {
      "sender": 3239212224,
      "receiver": 8986906710,
      "isActive": true,
      "note": "Proident ipsum duis est occaecat ex dolor.",
      "date": "2017-06-20T04:11:37 +05:00",
      "amount": "$2,439.72",
      "type": "credit",
      "category": "savings"
    },
    {
      "sender": 1357731519,
      "receiver": 6893003126,
      "isActive": false,
      "note": "Qui commodo voluptate excepteur quis veniam esse consectetur et enim dolore ad esse.",
      "date": "2016-10-07T01:43:11 +05:00",
      "amount": "$2,730.29",
      "type": "debit",
      "category": "car"
    },
    {
      "sender": 7749097505,
      "receiver": 4837956160,
      "isActive": false,
      "note": "Consequat laboris est dolor velit id non sint id quis adipisicing.",
      "date": "2015-12-29T02:05:02 +06:00",
      "amount": "$2,774.94",
      "type": "credit",
      "category": "car"
    },
    {
      "sender": 3534057067,
      "receiver": 7178080775,
      "isActive": true,
      "note": "Adipisicing irure deserunt amet consectetur do.",
      "date": "2016-07-31T05:25:03 +05:00",
      "amount": "$1,050.32",
      "type": "debit",
      "category": "food"
    },
    {
      "sender": 8353539969,
      "receiver": 8108300767,
      "isActive": false,
      "note": "Duis amet nostrud sint cupidatat nisi sunt proident aute in laboris ut esse anim dolore.",
      "date": "2017-03-10T05:41:34 +06:00",
      "amount": "$1,591.11",
      "type": "credit",
      "category": "car"
    },
    {
      "sender": 5446449309,
      "receiver": 2021467421,
      "isActive": false,
      "note": "Aute ea Lorem do aliquip veniam enim consectetur adipisicing cillum adipisicing amet irure labore.",
      "date": "2017-12-20T11:17:47 +06:00",
      "amount": "$2,127.59",
      "type": "debit",
      "category": "car"
    },
    {
      "sender": 7515843591,
      "receiver": 4920419874,
      "isActive": false,
      "note": "Amet laborum adipisicing aliquip velit exercitation aute dolor eiusmod.",
      "date": "2017-10-30T09:18:30 +05:00",
      "amount": "$2,465.25",
      "type": "credit",
      "category": "food"
    },
    {
      "sender": 2591247153,
      "receiver": 7824469697,
      "isActive": false,
      "note": "Labore adipisicing reprehenderit laboris ea consectetur laborum voluptate cupidatat consectetur velit pariatur.",
      "date": "2015-11-12T04:18:15 +06:00",
      "amount": "$1,501.43",
      "type": "credit",
      "category": "savings"
    },
    {
      "sender": 5598325491,
      "receiver": 7675916804,
      "isActive": false,
      "note": "Reprehenderit cillum voluptate est quis dolore minim mollit aliquip officia laboris pariatur sint.",
      "date": "2017-11-15T05:37:18 +06:00",
      "amount": "$2,691.74",
      "type": "credit",
      "category": "gas"
    },
    {
      "sender": 6159115334,
      "receiver": 9619636677,
      "isActive": false,
      "note": "Velit voluptate aliquip excepteur ex non dolore.",
      "date": "2014-11-15T01:07:54 +06:00",
      "amount": "$1,863.94",
      "type": "credit",
      "category": "car"
    },
    {
      "sender": 7801010181,
      "receiver": 2126808788,
      "isActive": true,
      "note": "Nisi sunt in aute ipsum dolore sint eiusmod.",
      "date": "2017-08-21T03:26:21 +05:00",
      "amount": "$2,968.46",
      "type": "credit",
      "category": "food"
    },
    {
      "sender": 6754020901,
      "receiver": 6049111259,
      "isActive": false,
      "note": "Exercitation ullamco ipsum commodo officia culpa mollit ex.",
      "date": "2016-01-30T04:57:58 +06:00",
      "amount": "$2,516.63",
      "type": "credit",
      "category": "gas"
    },
    {
      "sender": 4742059883,
      "receiver": 5768224627,
      "isActive": true,
      "note": "Labore deserunt cupidatat consequat ut.",
      "date": "2014-01-15T03:49:34 +06:00",
      "amount": "$3,122.99",
      "type": "debit",
      "category": "gas"
    },
    {
      "sender": 9823223109,
      "receiver": 6921675090,
      "isActive": false,
      "note": "Velit esse eu cillum exercitation dolor qui culpa laborum Lorem labore eu non aliqua.",
      "date": "2016-08-14T08:11:58 +05:00",
      "amount": "$3,067.33",
      "type": "credit",
      "category": "gas"
    },
    {
      "sender": 2320247738,
      "receiver": 6086949395,
      "isActive": false,
      "note": "Lorem enim nostrud eu amet.",
      "date": "2017-11-16T04:08:46 +06:00",
      "amount": "$3,445.08",
      "type": "credit",
      "category": "food"
    },
    {
      "sender": 2394642236,
      "receiver": 2142581940,
      "isActive": false,
      "note": "Qui nostrud sunt mollit occaecat ullamco laboris adipisicing enim irure reprehenderit magna eu consectetur.",
      "date": "2014-10-05T12:10:57 +05:00",
      "amount": "$1,647.32",
      "type": "credit",
      "category": "car"
    },
    {
      "sender": 3990208566,
      "receiver": 8450997411,
      "isActive": false,
      "note": "Dolor aliqua voluptate deserunt sit.",
      "date": "2015-04-07T03:21:51 +05:00",
      "amount": "$3,738.16",
      "type": "credit",
      "category": "car"
    },
    {
      "sender": 1028707899,
      "receiver": 4304366639,
      "isActive": false,
      "note": "Ut aliqua ea laborum aliqua aliqua dolore laboris duis in est officia eiusmod officia duis.",
      "date": "2015-04-12T05:32:12 +05:00",
      "amount": "$1,956.45",
      "type": "debit",
      "category": "car"
    },
    {
      "sender": 6540866451,
      "receiver": 7603440625,
      "isActive": true,
      "note": "Ipsum veniam sunt ullamco exercitation enim irure.",
      "date": "2014-12-26T09:45:27 +06:00",
      "amount": "$3,134.39",
      "type": "credit",
      "category": "car"
    },
    {
      "sender": 1398098180,
      "receiver": 8685589289,
      "isActive": true,
      "note": "In ea veniam fugiat excepteur culpa.",
      "date": "2017-04-24T07:44:02 +05:00",
      "amount": "$2,796.08",
      "type": "debit",
      "category": "recreational"
    },
    {
      "sender": 8486342343,
      "receiver": 4523352381,
      "isActive": false,
      "note": "Adipisicing exercitation laboris fugiat eu nisi magna veniam.",
      "date": "2017-07-23T01:23:29 +05:00",
      "amount": "$1,776.51",
      "type": "credit",
      "category": "food"
    },
    {
      "sender": 6085106186,
      "receiver": 6933521198,
      "isActive": false,
      "note": "Nostrud aliqua consequat ut adipisicing non.",
      "date": "2016-02-23T08:40:44 +06:00",
      "amount": "$2,831.00",
      "type": "debit",
      "category": "rent"
    },
    {
      "sender": 9094381227,
      "receiver": 3824540519,
      "isActive": false,
      "note": "Enim laboris id voluptate velit aliquip officia laboris voluptate ea tempor commodo reprehenderit ea exercitation.",
      "date": "2016-12-27T05:40:21 +06:00",
      "amount": "$2,184.98",
      "type": "credit",
      "category": "food"
    },
    {
      "sender": 2429783866,
      "receiver": 1995767021,
      "isActive": true,
      "note": "Mollit adipisicing in id excepteur irure dolore occaecat et pariatur commodo.",
      "date": "2015-02-11T11:55:47 +06:00",
      "amount": "$2,532.03",
      "type": "debit",
      "category": "rent"
    },
    {
      "sender": 4812560053,
      "receiver": 2995813151,
      "isActive": false,
      "note": "Officia consequat pariatur sit elit incididunt ullamco pariatur quis duis nisi ad velit pariatur reprehenderit.",
      "date": "2015-02-24T02:59:45 +06:00",
      "amount": "$2,211.95",
      "type": "debit",
      "category": "savings"
    },
    {
      "sender": 8339372600,
      "receiver": 1078555579,
      "isActive": true,
      "note": "Sit qui eu Lorem excepteur sint culpa sunt cupidatat excepteur est duis mollit duis pariatur.",
      "date": "2015-05-28T07:31:21 +05:00",
      "amount": "$1,800.81",
      "type": "credit",
      "category": "recreational"
    },
    {
      "sender": 5908065878,
      "receiver": 4666329602,
      "isActive": false,
      "note": "Et aliquip eu consequat duis nulla Lorem exercitation sunt elit aliqua ad anim ullamco minim.",
      "date": "2015-08-07T08:08:00 +05:00",
      "amount": "$3,984.01",
      "type": "credit",
      "category": "rent"
    },
    {
      "sender": 2026477369,
      "receiver": 5031744778,
      "isActive": false,
      "note": "Id fugiat Lorem esse est in ad cupidatat aute eiusmod nostrud enim ex occaecat in.",
      "date": "2014-01-24T05:54:44 +06:00",
      "amount": "$3,592.42",
      "type": "debit",
      "category": "dates"
    },
    {
      "sender": 7938300034,
      "receiver": 6917170748,
      "isActive": false,
      "note": "Consequat consequat cillum labore ex veniam esse ut magna dolor ad officia do cupidatat.",
      "date": "2014-11-20T03:56:48 +06:00",
      "amount": "$2,685.07",
      "type": "credit",
      "category": "savings"
    },
    {
      "sender": 1827931996,
      "receiver": 4379983867,
      "isActive": false,
      "note": "Tempor dolore id tempor fugiat mollit aliquip Lorem.",
      "date": "2016-06-13T05:06:31 +05:00",
      "amount": "$2,586.89",
      "type": "debit",
      "category": "food"
    },
    {
      "sender": 6041188129,
      "receiver": 2729340462,
      "isActive": false,
      "note": "Mollit dolore voluptate voluptate officia dolore.",
      "date": "2017-06-09T09:13:17 +05:00",
      "amount": "$3,266.68",
      "type": "debit",
      "category": "dates"
    },
    {
      "sender": 4693957577,
      "receiver": 1870863405,
      "isActive": false,
      "note": "Sint aliqua eiusmod sunt labore mollit.",
      "date": "2017-07-25T05:59:42 +05:00",
      "amount": "$3,949.72",
      "type": "credit",
      "category": "rent"
    },
    {
      "sender": 6274619747,
      "receiver": 7987351783,
      "isActive": false,
      "note": "Sit sit et aliqua aliquip incididunt proident cillum occaecat minim exercitation sunt amet ut.",
      "date": "2016-06-29T06:13:06 +05:00",
      "amount": "$3,587.55",
      "type": "credit",
      "category": "rent"
    },
    {
      "sender": 2176920443,
      "receiver": 8505083914,
      "isActive": false,
      "note": "Enim labore irure fugiat quis minim id aliqua.",
      "date": "2015-06-07T08:43:03 +05:00",
      "amount": "$1,847.43",
      "type": "debit",
      "category": "gas"
    },
    {
      "sender": 7575842029,
      "receiver": 6362656236,
      "isActive": false,
      "note": "In aliquip anim magna esse adipisicing pariatur ex fugiat elit sint.",
      "date": "2014-09-10T11:21:11 +05:00",
      "amount": "$2,042.51",
      "type": "debit",
      "category": "gas"
    },
    {
      "sender": 5175388455,
      "receiver": 6497059262,
      "isActive": true,
      "note": "Ex quis velit minim fugiat deserunt dolore ut dolor velit.",
      "date": "2015-05-29T07:31:42 +05:00",
      "amount": "$1,607.68",
      "type": "credit",
      "category": "car"
    },
    {
      "sender": 5934779024,
      "receiver": 2811156738,
      "isActive": false,
      "note": "Consectetur adipisicing eu eiusmod magna dolor id ex labore.",
      "date": "2015-02-18T08:12:46 +06:00",
      "amount": "$1,054.59",
      "type": "debit",
      "category": "rent"
    },
    {
      "sender": 6941590251,
      "receiver": 3341973705,
      "isActive": true,
      "note": "Aliqua consectetur voluptate dolor dolor laborum aliquip et consequat fugiat anim tempor.",
      "date": "2014-04-16T04:00:07 +05:00",
      "amount": "$3,122.79",
      "type": "credit",
      "category": "savings"
    },
    {
      "sender": 8358888560,
      "receiver": 8424430224,
      "isActive": true,
      "note": "Nostrud sint nisi excepteur consequat ullamco eu aliqua deserunt ex.",
      "date": "2014-08-28T08:59:36 +05:00",
      "amount": "$2,614.16",
      "type": "debit",
      "category": "rent"
    },
    {
      "sender": 8532821407,
      "receiver": 3069456678,
      "isActive": false,
      "note": "Ipsum consequat ad aliqua eiusmod duis mollit aliquip incididunt id.",
      "date": "2016-08-27T03:58:41 +05:00",
      "amount": "$1,185.13",
      "type": "debit",
      "category": "dates"
    },
    {
      "sender": 6448078171,
      "receiver": 5129773796,
      "isActive": true,
      "note": "Commodo velit ex cillum dolore consectetur Lorem veniam.",
      "date": "2016-07-27T11:11:04 +05:00",
      "amount": "$3,745.62",
      "type": "debit",
      "category": "gas"
    }
  ]
}