[
  {
    "_id": "5a5a87e95509731d57f98df8",
    "name": "Ware",
    "accountNum": 3,
    "index": 0,
    "accounts": [
      {
        "isActive": false,
        "about": "Eu incididunt nisi duis aliqua enim. Cillum deserunt esse sit cupidatat pariatur eu et dolor ullamco ipsum dolore quis excepteur. Amet sunt quis deserunt magna culpa ex mollit culpa non id aliqua pariatur elit quis. Culpa qui ea consequat proident esse excepteur in non mollit anim sint ex.\r\n",
        "balance": "$1,930.85",
        "transactions": [
          {
            "date": "2016-07-03T02:38:20 +05:00",
            "amount": "$1,213.05",
            "category": [
              "do",
              "reprehenderit",
              "labore",
              "ullamco",
              "nostrud",
              "cupidatat",
              "do"
            ]
          },
          {
            "date": "2016-08-22T12:46:42 +05:00",
            "amount": "$3,657.97",
            "category": [
              "occaecat",
              "officia",
              "laborum",
              "minim",
              "nostrud",
              "elit",
              "tempor"
            ]
          },
          {
            "date": "2014-09-27T07:42:23 +05:00",
            "amount": "$2,937.32",
            "category": [
              "aute",
              "quis",
              "adipisicing",
              "ex",
              "elit",
              "minim",
              "qui"
            ]
          },
          {
            "date": "2017-08-15T07:58:25 +05:00",
            "amount": "$1,469.64",
            "category": [
              "sint",
              "enim",
              "sit",
              "eu",
              "ipsum",
              "exercitation",
              "consectetur"
            ]
          }
        ]
      },
      {
        "isActive": false,
        "about": "Nostrud ex reprehenderit esse reprehenderit. Ex adipisicing fugiat commodo commodo excepteur ullamco pariatur commodo nostrud. Labore deserunt officia incididunt laboris commodo consectetur sunt adipisicing commodo incididunt. Anim officia eu nostrud amet sint anim adipisicing voluptate et mollit officia nostrud.\r\n",
        "balance": "$2,013.95",
        "transactions": [
          {
            "date": "2016-05-03T07:36:08 +05:00",
            "amount": "$1,886.26",
            "category": [
              "laborum",
              "fugiat",
              "officia",
              "reprehenderit",
              "mollit",
              "aliqua",
              "ex"
            ]
          },
          {
            "date": "2015-10-07T07:53:52 +05:00",
            "amount": "$3,148.31",
            "category": [
              "non",
              "nostrud",
              "exercitation",
              "incididunt",
              "officia",
              "est",
              "ut"
            ]
          },
          {
            "date": "2015-06-09T02:05:38 +05:00",
            "amount": "$3,625.53",
            "category": [
              "aliquip",
              "sint",
              "ipsum",
              "cupidatat",
              "aliquip",
              "qui",
              "cillum"
            ]
          },
          {
            "date": "2014-07-14T11:50:33 +05:00",
            "amount": "$2,797.53",
            "category": [
              "tempor",
              "est",
              "sunt",
              "labore",
              "nostrud",
              "labore",
              "ullamco"
            ]
          }
        ]
      },
      {
        "isActive": false,
        "about": "Dolor dolor velit quis tempor anim fugiat ex veniam labore eiusmod dolore. Do laboris velit eu ad sint minim aute velit commodo non enim nisi anim id. Non culpa aliqua anim do do voluptate cillum eu proident occaecat amet anim nostrud irure. Laboris sunt Lorem qui irure anim eiusmod esse.\r\n",
        "balance": "$3,746.70",
        "transactions": [
          {
            "date": "2014-06-29T01:10:15 +05:00",
            "amount": "$3,495.91",
            "category": [
              "in",
              "aliqua",
              "exercitation",
              "ea",
              "qui",
              "proident",
              "fugiat"
            ]
          },
          {
            "date": "2016-04-24T12:45:24 +05:00",
            "amount": "$3,402.61",
            "category": [
              "enim",
              "mollit",
              "consectetur",
              "sit",
              "duis",
              "minim",
              "mollit"
            ]
          },
          {
            "date": "2014-05-15T10:23:03 +05:00",
            "amount": "$2,503.19",
            "category": [
              "mollit",
              "ipsum",
              "dolor",
              "consectetur",
              "sint",
              "pariatur",
              "quis"
            ]
          },
          {
            "date": "2015-02-18T03:18:00 +06:00",
            "amount": "$2,940.41",
            "category": [
              "tempor",
              "eiusmod",
              "id",
              "pariatur",
              "in",
              "do",
              "occaecat"
            ]
          }
        ]
      },
      {
        "isActive": true,
        "about": "Velit reprehenderit nisi nostrud irure dolore Lorem in elit incididunt do. Eiusmod minim esse eiusmod excepteur nisi proident. Duis consectetur qui adipisicing ut excepteur. Veniam nostrud velit nulla qui ipsum ipsum. Consectetur nisi Lorem consequat esse aute incididunt et velit nostrud duis occaecat adipisicing labore. Laboris ea proident sit est minim occaecat magna sit.\r\n",
        "balance": "$2,546.42",
        "transactions": [
          {
            "date": "2015-01-05T07:11:30 +06:00",
            "amount": "$3,719.15",
            "category": [
              "ullamco",
              "irure",
              "aliqua",
              "sint",
              "cillum",
              "aute",
              "fugiat"
            ]
          },
          {
            "date": "2015-09-24T05:31:06 +05:00",
            "amount": "$2,883.84",
            "category": [
              "sunt",
              "nulla",
              "sunt",
              "sit",
              "voluptate",
              "magna",
              "voluptate"
            ]
          },
          {
            "date": "2015-07-15T06:01:13 +05:00",
            "amount": "$3,181.70",
            "category": [
              "ex",
              "deserunt",
              "ullamco",
              "in",
              "reprehenderit",
              "velit",
              "Lorem"
            ]
          },
          {
            "date": "2016-01-28T01:01:25 +06:00",
            "amount": "$1,131.17",
            "category": [
              "cupidatat",
              "irure",
              "fugiat",
              "tempor",
              "do",
              "non",
              "non"
            ]
          }
        ]
      },
      {
        "isActive": false,
        "about": "Magna pariatur laboris ullamco mollit sint minim labore. Esse reprehenderit ullamco Lorem consectetur aliqua exercitation et ex aliquip. Cillum tempor ullamco culpa qui minim nostrud laboris minim. Et mollit duis laborum anim culpa. Cillum amet ad anim id mollit cupidatat voluptate sit anim cupidatat tempor mollit minim.\r\n",
        "balance": "$1,378.93",
        "transactions": [
          {
            "date": "2016-02-20T05:17:10 +06:00",
            "amount": "$2,161.61",
            "category": [
              "velit",
              "proident",
              "laborum",
              "pariatur",
              "eu",
              "incididunt",
              "consequat"
            ]
          },
          {
            "date": "2015-12-22T01:03:56 +06:00",
            "amount": "$1,146.86",
            "category": [
              "irure",
              "magna",
              "in",
              "elit",
              "voluptate",
              "proident",
              "do"
            ]
          },
          {
            "date": "2017-02-07T02:13:20 +06:00",
            "amount": "$3,012.74",
            "category": [
              "aute",
              "do",
              "nisi",
              "laboris",
              "dolore",
              "cillum",
              "est"
            ]
          },
          {
            "date": "2015-04-16T04:22:30 +05:00",
            "amount": "$2,925.96",
            "category": [
              "id",
              "duis",
              "qui",
              "consequat",
              "proident",
              "pariatur",
              "nisi"
            ]
          }
        ]
      }
    ]
  },
  {
    "_id": "5a5a87e90bd94b937b9b62bc",
    "name": "Duran",
    "accountNum": 1,
    "index": 1,
    "accounts": [
      {
        "isActive": false,
        "about": "Cillum amet reprehenderit nostrud minim irure Lorem minim eiusmod sunt ad commodo. Minim fugiat est sit irure amet culpa consectetur pariatur labore officia magna adipisicing ullamco et. Nulla veniam culpa sunt cupidatat dolor dolore. Irure mollit eu sunt magna ipsum cupidatat sit qui quis ullamco eu occaecat. Aliquip adipisicing commodo et officia excepteur fugiat sit excepteur dolor officia quis dolore pariatur tempor. Incididunt do irure aliquip velit aliqua tempor velit fugiat. Anim deserunt tempor sit deserunt non eu qui ut eiusmod qui.\r\n",
        "balance": "$1,939.28",
        "transactions": [
          {
            "date": "2015-08-14T11:58:41 +05:00",
            "amount": "$3,770.99",
            "category": [
              "labore",
              "eu",
              "eiusmod",
              "excepteur",
              "cillum",
              "irure",
              "cillum"
            ]
          },
          {
            "date": "2015-03-06T09:37:17 +06:00",
            "amount": "$1,051.68",
            "category": [
              "nulla",
              "eu",
              "deserunt",
              "do",
              "veniam",
              "cillum",
              "ea"
            ]
          },
          {
            "date": "2014-12-01T02:00:03 +06:00",
            "amount": "$3,824.46",
            "category": [
              "laboris",
              "sint",
              "fugiat",
              "veniam",
              "eiusmod",
              "elit",
              "officia"
            ]
          },
          {
            "date": "2016-11-15T07:03:04 +06:00",
            "amount": "$3,789.32",
            "category": [
              "laboris",
              "pariatur",
              "qui",
              "cillum",
              "sit",
              "dolore",
              "non"
            ]
          }
        ]
      },
      {
        "isActive": false,
        "about": "Id laborum velit occaecat ea in commodo reprehenderit ullamco. Consequat consectetur pariatur sit esse reprehenderit sit adipisicing labore Lorem laboris amet. Nisi reprehenderit reprehenderit sunt magna quis. Do ad Lorem dolore id pariatur ut proident officia laborum dolore. Magna ad fugiat occaecat sunt ipsum ex adipisicing proident irure incididunt adipisicing.\r\n",
        "balance": "$3,195.35",
        "transactions": [
          {
            "date": "2016-04-15T02:05:49 +05:00",
            "amount": "$3,446.72",
            "category": [
              "eiusmod",
              "ex",
              "veniam",
              "esse",
              "ea",
              "consectetur",
              "do"
            ]
          },
          {
            "date": "2015-11-12T06:58:45 +06:00",
            "amount": "$3,744.27",
            "category": [
              "ad",
              "pariatur",
              "magna",
              "officia",
              "minim",
              "deserunt",
              "officia"
            ]
          },
          {
            "date": "2016-02-16T09:13:46 +06:00",
            "amount": "$3,086.22",
            "category": [
              "exercitation",
              "nisi",
              "irure",
              "est",
              "consequat",
              "eiusmod",
              "id"
            ]
          },
          {
            "date": "2014-08-10T03:30:46 +05:00",
            "amount": "$3,489.68",
            "category": [
              "quis",
              "ea",
              "aliqua",
              "non",
              "occaecat",
              "consequat",
              "proident"
            ]
          }
        ]
      },
      {
        "isActive": false,
        "about": "Eiusmod irure deserunt pariatur Lorem. Exercitation quis elit consequat laborum laboris dolor sit dolore. Aliquip laborum exercitation voluptate cillum cillum aute dolore do ipsum voluptate non.\r\n",
        "balance": "$1,783.12",
        "transactions": [
          {
            "date": "2015-08-01T06:01:02 +05:00",
            "amount": "$1,561.65",
            "category": [
              "Lorem",
              "voluptate",
              "ad",
              "sit",
              "cillum",
              "dolore",
              "excepteur"
            ]
          },
          {
            "date": "2014-02-20T07:03:36 +06:00",
            "amount": "$3,439.60",
            "category": [
              "ea",
              "eiusmod",
              "pariatur",
              "velit",
              "fugiat",
              "veniam",
              "nulla"
            ]
          },
          {
            "date": "2014-10-17T02:59:47 +05:00",
            "amount": "$3,205.33",
            "category": [
              "est",
              "aute",
              "id",
              "voluptate",
              "minim",
              "do",
              "tempor"
            ]
          },
          {
            "date": "2014-04-10T12:21:54 +05:00",
            "amount": "$1,161.69",
            "category": [
              "velit",
              "est",
              "excepteur",
              "culpa",
              "quis",
              "duis",
              "cupidatat"
            ]
          }
        ]
      },
      {
        "isActive": true,
        "about": "Pariatur enim tempor ut laborum anim nostrud elit ut laborum consequat velit reprehenderit id velit. Ipsum est fugiat cillum quis mollit mollit mollit veniam eu fugiat aute minim enim pariatur. Labore nostrud mollit irure eu consequat deserunt. Commodo ex voluptate sit culpa do pariatur ipsum eu sint. Magna pariatur veniam proident nulla. Ipsum ex sit est incididunt sit sunt nostrud labore deserunt. Esse laborum nisi ex tempor nostrud nulla excepteur nisi.\r\n",
        "balance": "$3,722.37",
        "transactions": [
          {
            "date": "2015-06-15T04:31:19 +05:00",
            "amount": "$1,575.25",
            "category": [
              "nulla",
              "amet",
              "irure",
              "et",
              "labore",
              "est",
              "cillum"
            ]
          },
          {
            "date": "2017-09-27T01:38:03 +05:00",
            "amount": "$2,534.47",
            "category": [
              "do",
              "minim",
              "aute",
              "duis",
              "esse",
              "magna",
              "minim"
            ]
          },
          {
            "date": "2016-09-25T11:51:26 +05:00",
            "amount": "$1,846.15",
            "category": [
              "occaecat",
              "elit",
              "ipsum",
              "culpa",
              "est",
              "ipsum",
              "sint"
            ]
          },
          {
            "date": "2014-01-23T12:37:34 +06:00",
            "amount": "$3,985.63",
            "category": [
              "dolore",
              "officia",
              "veniam",
              "voluptate",
              "laborum",
              "non",
              "velit"
            ]
          }
        ]
      },
      {
        "isActive": false,
        "about": "Occaecat consectetur proident amet elit do. Tempor velit esse nostrud veniam sit enim nostrud minim sint ut aliqua non. Adipisicing occaecat ipsum nisi sint do anim aliquip sunt aliquip id dolore irure elit.\r\n",
        "balance": "$1,943.78",
        "transactions": [
          {
            "date": "2015-02-01T02:40:54 +06:00",
            "amount": "$1,847.68",
            "category": [
              "amet",
              "cupidatat",
              "tempor",
              "ad",
              "voluptate",
              "esse",
              "labore"
            ]
          },
          {
            "date": "2016-12-26T02:05:13 +06:00",
            "amount": "$1,230.86",
            "category": [
              "in",
              "est",
              "excepteur",
              "ea",
              "ea",
              "eu",
              "labore"
            ]
          },
          {
            "date": "2015-10-17T02:35:34 +05:00",
            "amount": "$1,831.98",
            "category": [
              "sunt",
              "qui",
              "cillum",
              "laboris",
              "Lorem",
              "et",
              "laborum"
            ]
          },
          {
            "date": "2014-09-14T07:25:43 +05:00",
            "amount": "$2,284.76",
            "category": [
              "cillum",
              "id",
              "esse",
              "occaecat",
              "aliquip",
              "minim",
              "eiusmod"
            ]
          }
        ]
      }
    ]
  },
  {
    "_id": "5a5a87e93fbabb551939d44d",
    "name": "Huffman",
    "accountNum": 1,
    "index": 2,
    "accounts": [
      {
        "isActive": true,
        "about": "Fugiat ex nisi exercitation nisi culpa incididunt ut. Commodo qui voluptate laboris in in occaecat minim proident minim do velit elit ullamco ullamco. Voluptate nulla occaecat dolor cupidatat ex reprehenderit officia labore proident ea sint tempor labore. Nisi dolor anim sit anim ad Lorem pariatur velit est exercitation adipisicing esse. Occaecat ex laboris aliquip tempor duis et et aliquip esse laboris proident voluptate officia. Magna voluptate irure ullamco Lorem eu amet tempor adipisicing culpa sit voluptate cupidatat elit.\r\n",
        "balance": "$2,357.73",
        "transactions": [
          {
            "date": "2017-10-29T06:17:31 +05:00",
            "amount": "$1,854.84",
            "category": [
              "ullamco",
              "nostrud",
              "non",
              "tempor",
              "aute",
              "consectetur",
              "velit"
            ]
          },
          {
            "date": "2017-05-02T01:29:54 +05:00",
            "amount": "$2,138.48",
            "category": [
              "ea",
              "nisi",
              "cupidatat",
              "ex",
              "veniam",
              "officia",
              "voluptate"
            ]
          },
          {
            "date": "2016-12-12T06:42:25 +06:00",
            "amount": "$2,487.75",
            "category": [
              "anim",
              "est",
              "sit",
              "ut",
              "anim",
              "esse",
              "proident"
            ]
          },
          {
            "date": "2016-12-17T09:17:37 +06:00",
            "amount": "$1,345.85",
            "category": [
              "ea",
              "sit",
              "et",
              "ipsum",
              "sunt",
              "aliqua",
              "aliqua"
            ]
          }
        ]
      },
      {
        "isActive": true,
        "about": "Eu aliqua excepteur et dolore mollit tempor enim culpa Lorem ullamco do esse. Ad sit commodo nulla nulla fugiat. Ullamco adipisicing et anim velit reprehenderit labore aute.\r\n",
        "balance": "$1,270.13",
        "transactions": [
          {
            "date": "2017-07-26T11:15:28 +05:00",
            "amount": "$2,022.23",
            "category": [
              "nostrud",
              "aliquip",
              "duis",
              "excepteur",
              "est",
              "commodo",
              "do"
            ]
          },
          {
            "date": "2014-11-13T12:08:04 +06:00",
            "amount": "$2,107.54",
            "category": [
              "ullamco",
              "dolore",
              "incididunt",
              "minim",
              "cupidatat",
              "id",
              "cupidatat"
            ]
          },
          {
            "date": "2014-05-22T06:30:17 +05:00",
            "amount": "$3,367.44",
            "category": [
              "aute",
              "labore",
              "quis",
              "reprehenderit",
              "enim",
              "laborum",
              "qui"
            ]
          },
          {
            "date": "2016-04-12T02:16:40 +05:00",
            "amount": "$2,939.33",
            "category": [
              "aliqua",
              "dolor",
              "dolor",
              "amet",
              "irure",
              "esse",
              "eiusmod"
            ]
          }
        ]
      },
      {
        "isActive": false,
        "about": "Elit esse eiusmod irure sit. Pariatur qui nulla eiusmod id non ipsum minim enim quis veniam et. Aute sunt dolore officia ullamco proident dolor. Culpa cupidatat duis eu nostrud exercitation. Ut nostrud occaecat proident eiusmod nulla ea id consectetur et deserunt incididunt aliquip. Nulla sit Lorem non culpa. Do cillum voluptate eu do Lorem cillum labore cillum id.\r\n",
        "balance": "$1,199.19",
        "transactions": [
          {
            "date": "2015-05-14T10:15:59 +05:00",
            "amount": "$3,285.22",
            "category": [
              "et",
              "voluptate",
              "minim",
              "veniam",
              "exercitation",
              "ullamco",
              "nisi"
            ]
          },
          {
            "date": "2016-03-16T05:57:02 +05:00",
            "amount": "$2,185.91",
            "category": [
              "ullamco",
              "culpa",
              "cillum",
              "exercitation",
              "laboris",
              "ex",
              "dolore"
            ]
          },
          {
            "date": "2015-09-03T10:55:37 +05:00",
            "amount": "$1,124.61",
            "category": [
              "laborum",
              "consequat",
              "eiusmod",
              "eiusmod",
              "enim",
              "duis",
              "labore"
            ]
          },
          {
            "date": "2015-07-18T06:25:36 +05:00",
            "amount": "$3,463.97",
            "category": [
              "ut",
              "id",
              "deserunt",
              "est",
              "anim",
              "consectetur",
              "enim"
            ]
          }
        ]
      },
      {
        "isActive": true,
        "about": "Minim ea amet cillum non adipisicing velit non ut ad sit laborum. Irure cupidatat veniam in in aliqua ex est anim duis nisi. Deserunt dolor aute sit excepteur ad ea exercitation voluptate. Pariatur id quis Lorem aliquip ullamco labore magna ea Lorem.\r\n",
        "balance": "$3,302.10",
        "transactions": [
          {
            "date": "2016-10-19T12:39:14 +05:00",
            "amount": "$1,390.09",
            "category": [
              "proident",
              "elit",
              "dolore",
              "in",
              "anim",
              "dolor",
              "exercitation"
            ]
          },
          {
            "date": "2015-12-16T09:56:48 +06:00",
            "amount": "$2,651.18",
            "category": [
              "non",
              "ea",
              "sit",
              "sint",
              "dolor",
              "commodo",
              "esse"
            ]
          },
          {
            "date": "2016-06-14T07:52:10 +05:00",
            "amount": "$1,697.73",
            "category": [
              "non",
              "consequat",
              "in",
              "magna",
              "anim",
              "incididunt",
              "consectetur"
            ]
          },
          {
            "date": "2016-04-09T06:19:33 +05:00",
            "amount": "$3,674.58",
            "category": [
              "tempor",
              "ad",
              "fugiat",
              "culpa",
              "ad",
              "id",
              "ex"
            ]
          }
        ]
      },
      {
        "isActive": false,
        "about": "Velit irure fugiat consequat do consectetur est sit. Veniam ut Lorem ipsum esse nulla nostrud ipsum aliquip amet eu elit consectetur. Nostrud sit aliqua velit sit aliqua ullamco enim aliquip aliqua. Irure et cillum esse laboris laborum proident commodo ut officia et sunt ea.\r\n",
        "balance": "$2,044.19",
        "transactions": [
          {
            "date": "2017-09-12T06:34:15 +05:00",
            "amount": "$2,197.25",
            "category": [
              "elit",
              "sint",
              "ullamco",
              "mollit",
              "amet",
              "est",
              "culpa"
            ]
          },
          {
            "date": "2014-05-16T10:34:02 +05:00",
            "amount": "$2,029.69",
            "category": [
              "dolore",
              "adipisicing",
              "amet",
              "consectetur",
              "elit",
              "occaecat",
              "excepteur"
            ]
          },
          {
            "date": "2016-07-02T10:25:10 +05:00",
            "amount": "$1,089.53",
            "category": [
              "quis",
              "culpa",
              "quis",
              "exercitation",
              "cillum",
              "pariatur",
              "in"
            ]
          },
          {
            "date": "2015-06-13T08:39:17 +05:00",
            "amount": "$1,608.80",
            "category": [
              "sint",
              "magna",
              "id",
              "voluptate",
              "excepteur",
              "voluptate",
              "esse"
            ]
          }
        ]
      }
    ]
  },
  {
    "_id": "5a5a87e963816b05d0213d81",
    "name": "Mayo",
    "accountNum": 5,
    "index": 3,
    "accounts": [
      {
        "isActive": false,
        "about": "Voluptate dolor non dolore excepteur laborum consectetur id dolor minim esse id tempor. Aliquip proident dolor in cillum duis enim voluptate aliqua ex esse ex amet. Amet magna pariatur officia dolor non ea eu sit deserunt consequat.\r\n",
        "balance": "$2,885.17",
        "transactions": [
          {
            "date": "2015-03-29T05:04:53 +05:00",
            "amount": "$1,319.05",
            "category": [
              "eiusmod",
              "labore",
              "est",
              "pariatur",
              "magna",
              "voluptate",
              "nulla"
            ]
          },
          {
            "date": "2016-03-21T07:40:59 +05:00",
            "amount": "$2,773.07",
            "category": [
              "et",
              "elit",
              "elit",
              "ex",
              "proident",
              "ipsum",
              "cupidatat"
            ]
          },
          {
            "date": "2017-07-11T01:31:37 +05:00",
            "amount": "$2,306.47",
            "category": [
              "minim",
              "voluptate",
              "aliquip",
              "occaecat",
              "consequat",
              "ad",
              "non"
            ]
          },
          {
            "date": "2017-06-19T08:31:38 +05:00",
            "amount": "$3,831.86",
            "category": [
              "consequat",
              "id",
              "pariatur",
              "enim",
              "ex",
              "mollit",
              "sit"
            ]
          }
        ]
      },
      {
        "isActive": false,
        "about": "Aliquip cupidatat ad labore sit ut fugiat anim consequat ea esse do ut sit anim. Ut ut pariatur minim deserunt excepteur amet eu. Dolore elit sit anim quis cupidatat veniam cillum amet est proident minim.\r\n",
        "balance": "$2,095.35",
        "transactions": [
          {
            "date": "2017-01-09T10:48:08 +06:00",
            "amount": "$2,134.41",
            "category": [
              "excepteur",
              "ipsum",
              "sit",
              "cillum",
              "incididunt",
              "est",
              "voluptate"
            ]
          },
          {
            "date": "2014-12-12T11:22:47 +06:00",
            "amount": "$3,821.81",
            "category": [
              "ut",
              "aute",
              "duis",
              "ut",
              "officia",
              "sunt",
              "excepteur"
            ]
          },
          {
            "date": "2015-11-07T08:12:40 +06:00",
            "amount": "$1,120.66",
            "category": [
              "aliquip",
              "deserunt",
              "mollit",
              "enim",
              "ullamco",
              "aliquip",
              "incididunt"
            ]
          },
          {
            "date": "2017-04-05T08:03:58 +05:00",
            "amount": "$1,187.68",
            "category": [
              "sint",
              "Lorem",
              "cupidatat",
              "sunt",
              "adipisicing",
              "voluptate",
              "culpa"
            ]
          }
        ]
      },
      {
        "isActive": true,
        "about": "Ea culpa ea velit mollit dolore id ullamco sit ea ea cillum sit ut. Labore duis ex voluptate fugiat adipisicing. Quis nulla culpa ex do fugiat et voluptate.\r\n",
        "balance": "$2,477.91",
        "transactions": [
          {
            "date": "2014-11-11T12:00:24 +06:00",
            "amount": "$3,140.31",
            "category": [
              "nisi",
              "laborum",
              "laborum",
              "est",
              "do",
              "elit",
              "id"
            ]
          },
          {
            "date": "2014-09-07T05:57:21 +05:00",
            "amount": "$3,781.10",
            "category": [
              "ullamco",
              "ullamco",
              "do",
              "est",
              "dolore",
              "voluptate",
              "nisi"
            ]
          },
          {
            "date": "2017-07-04T12:39:14 +05:00",
            "amount": "$2,644.69",
            "category": [
              "id",
              "ipsum",
              "est",
              "labore",
              "incididunt",
              "duis",
              "officia"
            ]
          },
          {
            "date": "2014-06-02T02:19:25 +05:00",
            "amount": "$3,873.21",
            "category": [
              "enim",
              "nostrud",
              "proident",
              "ullamco",
              "adipisicing",
              "veniam",
              "anim"
            ]
          }
        ]
      },
      {
        "isActive": false,
        "about": "Sit ad commodo deserunt in aliquip aliquip. Exercitation aute non eiusmod ex nisi nulla proident sit qui reprehenderit. Consectetur pariatur ut ad exercitation aute qui. Pariatur velit enim cupidatat sint proident enim qui exercitation magna. Ullamco nostrud dolor et est fugiat pariatur adipisicing fugiat irure elit enim et. Cillum do ex qui magna qui eu mollit amet. Deserunt excepteur fugiat velit est laborum est est.\r\n",
        "balance": "$2,816.71",
        "transactions": [
          {
            "date": "2017-05-13T06:58:14 +05:00",
            "amount": "$3,447.00",
            "category": [
              "irure",
              "occaecat",
              "exercitation",
              "ex",
              "sint",
              "officia",
              "est"
            ]
          },
          {
            "date": "2017-11-20T09:40:45 +06:00",
            "amount": "$3,520.64",
            "category": [
              "dolor",
              "et",
              "magna",
              "deserunt",
              "et",
              "ea",
              "exercitation"
            ]
          },
          {
            "date": "2017-07-08T11:23:05 +05:00",
            "amount": "$2,394.80",
            "category": [
              "aliquip",
              "fugiat",
              "cupidatat",
              "laborum",
              "incididunt",
              "ex",
              "proident"
            ]
          },
          {
            "date": "2016-12-07T05:51:35 +06:00",
            "amount": "$1,825.87",
            "category": [
              "duis",
              "ut",
              "Lorem",
              "veniam",
              "est",
              "dolore",
              "velit"
            ]
          }
        ]
      },
      {
        "isActive": false,
        "about": "Ex commodo quis dolore Lorem magna mollit ad sunt voluptate nulla sit do esse culpa. Dolor voluptate deserunt commodo nisi ad eiusmod sit ea duis commodo. Sint labore commodo et duis do fugiat excepteur nulla esse nulla enim. Sint aliqua occaecat amet voluptate velit amet voluptate qui occaecat sunt irure magna. Enim incididunt do commodo consequat in adipisicing consectetur non.\r\n",
        "balance": "$3,190.91",
        "transactions": [
          {
            "date": "2017-07-19T07:34:22 +05:00",
            "amount": "$2,026.40",
            "category": [
              "culpa",
              "elit",
              "ea",
              "reprehenderit",
              "est",
              "ex",
              "qui"
            ]
          },
          {
            "date": "2015-11-29T11:34:39 +06:00",
            "amount": "$1,158.61",
            "category": [
              "laboris",
              "enim",
              "proident",
              "consequat",
              "non",
              "aliquip",
              "aliqua"
            ]
          },
          {
            "date": "2016-06-09T05:09:51 +05:00",
            "amount": "$3,689.77",
            "category": [
              "qui",
              "dolor",
              "nulla",
              "laborum",
              "sint",
              "incididunt",
              "enim"
            ]
          },
          {
            "date": "2016-05-20T04:37:51 +05:00",
            "amount": "$1,007.16",
            "category": [
              "et",
              "aute",
              "sunt",
              "ex",
              "deserunt",
              "mollit",
              "quis"
            ]
          }
        ]
      }
    ]
  },
  {
    "_id": "5a5a87e9b539a32d6d433ce7",
    "name": "Barlow",
    "accountNum": 4,
    "index": 4,
    "accounts": [
      {
        "isActive": false,
        "about": "Consectetur fugiat nisi proident occaecat fugiat incididunt sit eiusmod ea consectetur Lorem aliqua. Culpa ex quis sunt duis nulla incididunt deserunt mollit dolore ex excepteur ad excepteur. Veniam dolor exercitation est proident laborum deserunt voluptate dolore Lorem commodo laboris deserunt consequat.\r\n",
        "balance": "$3,460.81",
        "transactions": [
          {
            "date": "2017-12-15T04:03:20 +06:00",
            "amount": "$2,111.97",
            "category": [
              "sit",
              "ullamco",
              "id",
              "ad",
              "nostrud",
              "labore",
              "est"
            ]
          },
          {
            "date": "2016-08-26T08:12:29 +05:00",
            "amount": "$2,861.73",
            "category": [
              "pariatur",
              "occaecat",
              "eu",
              "quis",
              "quis",
              "sit",
              "dolore"
            ]
          },
          {
            "date": "2015-02-07T10:00:49 +06:00",
            "amount": "$2,225.24",
            "category": [
              "anim",
              "sunt",
              "sunt",
              "tempor",
              "voluptate",
              "dolore",
              "excepteur"
            ]
          },
          {
            "date": "2015-02-12T07:26:31 +06:00",
            "amount": "$3,967.52",
            "category": [
              "ea",
              "nostrud",
              "id",
              "esse",
              "aliqua",
              "laboris",
              "consequat"
            ]
          }
        ]
      },
      {
        "isActive": true,
        "about": "Duis non dolor officia consectetur Lorem consequat eiusmod eiusmod sint qui nisi labore nulla laboris. Eiusmod ad aliquip cupidatat Lorem sunt aliquip culpa incididunt sunt esse Lorem fugiat officia dolor. Officia aliqua dolore occaecat et enim dolor aute nostrud. Voluptate aute culpa do eu nostrud proident qui.\r\n",
        "balance": "$2,572.80",
        "transactions": [
          {
            "date": "2017-05-08T04:13:08 +05:00",
            "amount": "$1,118.07",
            "category": [
              "laboris",
              "dolore",
              "elit",
              "magna",
              "mollit",
              "ad",
              "cillum"
            ]
          },
          {
            "date": "2017-08-13T02:00:59 +05:00",
            "amount": "$1,321.94",
            "category": [
              "ut",
              "minim",
              "est",
              "ipsum",
              "magna",
              "ut",
              "id"
            ]
          },
          {
            "date": "2014-01-03T08:08:00 +06:00",
            "amount": "$2,206.44",
            "category": [
              "laborum",
              "dolore",
              "consectetur",
              "cupidatat",
              "aute",
              "enim",
              "quis"
            ]
          },
          {
            "date": "2017-03-14T06:31:10 +05:00",
            "amount": "$1,064.84",
            "category": [
              "ipsum",
              "est",
              "exercitation",
              "pariatur",
              "enim",
              "et",
              "elit"
            ]
          }
        ]
      },
      {
        "isActive": false,
        "about": "Sunt veniam velit deserunt exercitation fugiat consequat proident ut fugiat qui. Sit minim anim esse proident. Laboris anim labore excepteur excepteur cillum occaecat anim sit sunt elit aliquip culpa adipisicing incididunt. Laboris velit irure aute aute enim aute exercitation tempor reprehenderit.\r\n",
        "balance": "$2,054.54",
        "transactions": [
          {
            "date": "2015-09-24T05:22:57 +05:00",
            "amount": "$2,229.28",
            "category": [
              "minim",
              "ea",
              "cillum",
              "excepteur",
              "exercitation",
              "non",
              "culpa"
            ]
          },
          {
            "date": "2014-10-07T01:28:54 +05:00",
            "amount": "$1,755.67",
            "category": [
              "velit",
              "sint",
              "aute",
              "veniam",
              "officia",
              "amet",
              "esse"
            ]
          },
          {
            "date": "2017-10-17T06:44:28 +05:00",
            "amount": "$3,107.88",
            "category": [
              "occaecat",
              "et",
              "nisi",
              "fugiat",
              "proident",
              "aliquip",
              "quis"
            ]
          },
          {
            "date": "2016-01-01T11:38:28 +06:00",
            "amount": "$1,115.51",
            "category": [
              "occaecat",
              "nulla",
              "est",
              "deserunt",
              "elit",
              "occaecat",
              "aute"
            ]
          }
        ]
      },
      {
        "isActive": false,
        "about": "Excepteur anim duis id mollit nostrud id tempor reprehenderit sit. Excepteur pariatur veniam incididunt amet do ea. Non deserunt consequat velit ad cillum. Labore deserunt irure dolor et laborum. Magna mollit nostrud deserunt laboris deserunt et nulla ex officia ea velit mollit. Irure minim sit elit in veniam. Velit minim velit aute labore.\r\n",
        "balance": "$1,201.77",
        "transactions": [
          {
            "date": "2015-05-26T05:00:11 +05:00",
            "amount": "$1,429.03",
            "category": [
              "mollit",
              "culpa",
              "qui",
              "pariatur",
              "voluptate",
              "eu",
              "tempor"
            ]
          },
          {
            "date": "2017-07-04T04:16:20 +05:00",
            "amount": "$2,062.11",
            "category": [
              "irure",
              "magna",
              "labore",
              "pariatur",
              "id",
              "incididunt",
              "labore"
            ]
          },
          {
            "date": "2015-02-21T03:45:16 +06:00",
            "amount": "$2,325.34",
            "category": [
              "ut",
              "fugiat",
              "id",
              "tempor",
              "irure",
              "tempor",
              "velit"
            ]
          },
          {
            "date": "2016-06-28T07:57:52 +05:00",
            "amount": "$1,372.65",
            "category": [
              "proident",
              "nulla",
              "laboris",
              "voluptate",
              "commodo",
              "consectetur",
              "duis"
            ]
          }
        ]
      },
      {
        "isActive": true,
        "about": "Dolore voluptate dolore ipsum amet nisi eiusmod sunt veniam. Nostrud exercitation adipisicing incididunt ullamco voluptate sint commodo deserunt duis. Laboris veniam laboris proident non velit. Elit irure elit labore ad veniam adipisicing ut laboris laborum minim. Duis adipisicing dolore exercitation sit anim occaecat ea velit officia ex mollit anim. Elit laboris esse eu cillum cupidatat pariatur dolore officia.\r\n",
        "balance": "$1,317.25",
        "transactions": [
          {
            "date": "2015-06-05T06:27:40 +05:00",
            "amount": "$3,237.07",
            "category": [
              "ut",
              "culpa",
              "minim",
              "anim",
              "sunt",
              "adipisicing",
              "ut"
            ]
          },
          {
            "date": "2017-04-14T11:37:23 +05:00",
            "amount": "$3,815.12",
            "category": [
              "occaecat",
              "et",
              "nostrud",
              "proident",
              "nostrud",
              "cupidatat",
              "reprehenderit"
            ]
          },
          {
            "date": "2017-11-07T12:20:28 +06:00",
            "amount": "$3,831.81",
            "category": [
              "nisi",
              "ex",
              "minim",
              "in",
              "tempor",
              "laborum",
              "exercitation"
            ]
          },
          {
            "date": "2016-08-10T10:53:01 +05:00",
            "amount": "$1,544.65",
            "category": [
              "laboris",
              "amet",
              "ipsum",
              "reprehenderit",
              "quis",
              "aliqua",
              "nostrud"
            ]
          }
        ]
      }
    ]
  },
  {
    "_id": "5a5a87e92e19d25f9c0310ba",
    "name": "Hood",
    "accountNum": 5,
    "index": 5,
    "accounts": [
      {
        "isActive": true,
        "about": "Aliqua dolore anim consectetur commodo reprehenderit laborum ea eu proident dolor velit labore. Commodo cupidatat eiusmod ex velit ex in nulla ad sit commodo aliquip nisi ex nostrud. Tempor Lorem sint consequat duis culpa deserunt. Et adipisicing eu minim minim mollit. Ad cupidatat ea sint aliquip elit ad amet reprehenderit nulla eu quis ea nulla ex.\r\n",
        "balance": "$3,525.20",
        "transactions": [
          {
            "date": "2017-07-21T01:59:53 +05:00",
            "amount": "$2,129.22",
            "category": [
              "minim",
              "laboris",
              "consectetur",
              "irure",
              "amet",
              "esse",
              "ipsum"
            ]
          },
          {
            "date": "2015-12-14T11:07:59 +06:00",
            "amount": "$1,385.86",
            "category": [
              "sunt",
              "exercitation",
              "aliquip",
              "aute",
              "ea",
              "nostrud",
              "dolore"
            ]
          },
          {
            "date": "2016-12-17T09:04:51 +06:00",
            "amount": "$2,734.53",
            "category": [
              "in",
              "culpa",
              "sint",
              "occaecat",
              "minim",
              "aute",
              "ipsum"
            ]
          },
          {
            "date": "2015-09-01T02:51:06 +05:00",
            "amount": "$1,170.40",
            "category": [
              "quis",
              "fugiat",
              "nostrud",
              "ullamco",
              "non",
              "consequat",
              "occaecat"
            ]
          }
        ]
      },
      {
        "isActive": true,
        "about": "Consequat reprehenderit id tempor dolore minim. Sint mollit nulla enim est labore dolore aute laboris velit. Ut cillum dolore duis non duis aliquip aute exercitation dolore. Cillum do excepteur pariatur labore id.\r\n",
        "balance": "$2,810.59",
        "transactions": [
          {
            "date": "2015-12-04T01:38:54 +06:00",
            "amount": "$1,151.55",
            "category": [
              "ullamco",
              "occaecat",
              "mollit",
              "exercitation",
              "dolore",
              "culpa",
              "irure"
            ]
          },
          {
            "date": "2016-05-03T11:06:10 +05:00",
            "amount": "$2,523.46",
            "category": [
              "labore",
              "ad",
              "non",
              "qui",
              "qui",
              "ipsum",
              "qui"
            ]
          },
          {
            "date": "2018-01-01T09:06:39 +06:00",
            "amount": "$3,770.07",
            "category": [
              "anim",
              "ipsum",
              "occaecat",
              "officia",
              "dolore",
              "ea",
              "elit"
            ]
          },
          {
            "date": "2015-09-19T11:11:39 +05:00",
            "amount": "$1,019.34",
            "category": [
              "ad",
              "sunt",
              "adipisicing",
              "irure",
              "ut",
              "enim",
              "reprehenderit"
            ]
          }
        ]
      },
      {
        "isActive": false,
        "about": "Ex sit Lorem sunt non do sint qui nisi exercitation officia. Est occaecat eu dolore aliqua. Labore eu amet ullamco consequat nulla.\r\n",
        "balance": "$3,034.79",
        "transactions": [
          {
            "date": "2018-01-08T11:48:38 +06:00",
            "amount": "$2,069.69",
            "category": [
              "eu",
              "ullamco",
              "fugiat",
              "deserunt",
              "labore",
              "dolore",
              "reprehenderit"
            ]
          },
          {
            "date": "2014-05-04T05:18:02 +05:00",
            "amount": "$3,636.44",
            "category": [
              "nulla",
              "sit",
              "commodo",
              "in",
              "minim",
              "sunt",
              "ex"
            ]
          },
          {
            "date": "2014-11-29T01:55:37 +06:00",
            "amount": "$2,497.02",
            "category": [
              "occaecat",
              "nisi",
              "non",
              "do",
              "et",
              "ad",
              "aliqua"
            ]
          },
          {
            "date": "2014-05-26T12:54:21 +05:00",
            "amount": "$3,646.29",
            "category": [
              "ad",
              "nostrud",
              "consectetur",
              "dolore",
              "adipisicing",
              "ad",
              "minim"
            ]
          }
        ]
      },
      {
        "isActive": false,
        "about": "Dolore nostrud cupidatat elit velit nisi occaecat est cupidatat do. Lorem labore est culpa anim ad enim non eiusmod qui in. Excepteur officia excepteur fugiat ullamco aute ad proident.\r\n",
        "balance": "$1,593.01",
        "transactions": [
          {
            "date": "2016-03-23T06:07:50 +05:00",
            "amount": "$2,304.04",
            "category": [
              "culpa",
              "aliqua",
              "labore",
              "minim",
              "est",
              "proident",
              "cillum"
            ]
          },
          {
            "date": "2016-04-06T12:31:29 +05:00",
            "amount": "$3,696.22",
            "category": [
              "veniam",
              "ullamco",
              "voluptate",
              "sunt",
              "velit",
              "excepteur",
              "nisi"
            ]
          },
          {
            "date": "2016-10-17T07:06:25 +05:00",
            "amount": "$1,926.69",
            "category": [
              "ex",
              "enim",
              "magna",
              "do",
              "eu",
              "non",
              "ex"
            ]
          },
          {
            "date": "2015-05-11T02:34:10 +05:00",
            "amount": "$3,452.52",
            "category": [
              "incididunt",
              "laborum",
              "sit",
              "nulla",
              "ex",
              "adipisicing",
              "est"
            ]
          }
        ]
      },
      {
        "isActive": false,
        "about": "Sint dolor irure excepteur eiusmod eiusmod proident mollit veniam deserunt consectetur. Officia sit fugiat deserunt duis esse elit commodo adipisicing incididunt tempor nulla velit. Eiusmod magna mollit cupidatat in sint dolor ad commodo mollit. Consequat aute fugiat nostrud labore sit ut. Enim adipisicing ad aliquip esse eiusmod irure fugiat magna fugiat amet nostrud duis occaecat occaecat. Magna enim nulla adipisicing fugiat in deserunt cupidatat id eu ullamco mollit ullamco. Proident sit eiusmod elit duis sint quis magna aliquip quis in reprehenderit non.\r\n",
        "balance": "$3,212.24",
        "transactions": [
          {
            "date": "2016-06-10T12:54:15 +05:00",
            "amount": "$3,611.30",
            "category": [
              "quis",
              "anim",
              "cillum",
              "culpa",
              "pariatur",
              "tempor",
              "dolore"
            ]
          },
          {
            "date": "2017-01-19T06:38:38 +06:00",
            "amount": "$1,539.97",
            "category": [
              "irure",
              "duis",
              "sint",
              "minim",
              "qui",
              "irure",
              "commodo"
            ]
          },
          {
            "date": "2015-02-11T02:36:37 +06:00",
            "amount": "$2,898.97",
            "category": [
              "in",
              "nulla",
              "dolor",
              "irure",
              "quis",
              "quis",
              "in"
            ]
          },
          {
            "date": "2017-08-08T11:23:26 +05:00",
            "amount": "$3,258.14",
            "category": [
              "occaecat",
              "aliqua",
              "et",
              "esse",
              "mollit",
              "et",
              "exercitation"
            ]
          }
        ]
      }
    ]
  }
]